no,word,target
1,‡∏ó‡∏∏‡∏Å‡∏Ñ‡∏ô‡∏Ç‡∏≤‡∏≤ ‡πÄ‡∏£‡∏≤‡∏≠‡∏¢‡∏≤‡∏Å‡∏ô‡∏±‡∏î‡∏õ‡∏£‡∏∞‡∏ä‡∏∏‡∏°‡πÉ‡∏´‡∏ç‡πà‡∏ó‡∏£‡∏¥‡∏õ‡∏†‡∏≤‡∏Ñ‡∏ß‡∏±‡∏ô‡∏û‡∏∏‡∏ò‡∏ô‡∏µ‡πâ‡∏ï‡∏≠‡∏ô 13.00 ‡∏ô. ‡πÄ‡∏û‡∏∑‡πà‡∏≠‡∏ô‡πÜ‡∏ß‡πà‡∏≤‡∏á‡∏Å‡∏±‡∏ô‡∏°‡∏±‡πâ‡∏¢,1
2,‡πÄ‡∏£‡∏≤‡∏Ç‡∏≠‡πÅ‡∏£‡∏á‡πÄ‡∏û‡∏∑‡πà‡∏≠‡∏ô‡∏°‡∏≤‡∏ó‡∏≥‡∏á‡∏≤‡∏ô‡∏ù‡πà‡∏≤‡∏¢‡∏£‡∏õ‡∏†.‡πÉ‡∏ô‡∏á‡∏≤‡∏ô‡∏£‡∏±‡∏ö‡∏ô‡πâ‡∏≠‡∏á‡∏Å‡πâ‡∏≤‡∏ß‡πÉ‡∏´‡∏°‡πà‡∏´‡∏ô‡πà‡∏≠‡∏¢ ‡∏Ç‡∏≠ 5 ‡∏Ñ‡∏ô‡∏ô‡∏∞,1
3,‡∏õ‡∏£‡∏∞‡∏Å‡∏≤‡∏®‡∏à‡πâ‡∏≤‡∏≤! ‡πÄ‡∏£‡∏∑‡πà‡∏≠‡∏á‡∏ñ‡πà‡∏≤‡∏¢‡∏£‡∏π‡∏õ‡∏Ç‡∏≠‡∏á‡∏á‡∏≤‡∏ô vidweek ‡∏Ç‡∏≠‡∏á‡πÄ‡∏£‡∏≤‡πÄ‡∏õ‡πá‡∏ô‡∏ñ‡πà‡∏≤‡∏¢‡∏ß‡∏±‡∏ô‡∏ó‡∏µ‡πà 4 ‡∏Å.‡∏Ñ. 16.00-18.00 ‡∏ô.‡∏ô‡πâ‡∏≤‡∏≤,1
4,‡∏ó‡∏∏‡∏Å‡∏Ñ‡∏ô‡∏á‡∏≤‡∏ôvidweek  ‡∏õ‡∏µ‡∏ô‡∏µ‡πâ‡∏Ñ‡∏ì‡∏∞‡πÄ‡∏£‡∏≤‡∏°‡∏µ‡πÉ‡∏´‡πâ‡∏ñ‡πà‡∏≤‡∏¢‡∏£‡∏π‡∏õ‡πÄ‡∏û‡∏∑‡πà‡∏≠‡πÉ‡∏´‡πâ‡πÄ‡∏≠‡∏≤‡πÑ‡∏õ‡πÄ‡∏õ‡∏•‡∏µ‡πà‡∏¢‡∏ô‡∏û‡∏£‡πâ‡∏≠‡∏°‡∏Å‡∏£‡∏≠‡∏ö‡πÉ‡∏ôfacebook ‡πÉ‡∏´‡πâ‡πÄ‡∏Ç‡πâ‡∏≤‡∏ï‡∏£‡∏µ‡∏° ‡∏°‡∏µ‡πÉ‡∏Ñ‡∏£‡∏≠‡∏¢‡∏≤‡∏Å‡πÑ‡∏õ‡∏ñ‡πà‡∏≤‡∏¢‡∏õ‡πà‡∏≤‡∏ß ‡∏°‡∏µ‡πÄ‡∏ß‡∏•‡∏≤‡∏ï‡∏≤‡∏°‡∏ô‡∏µ‡πâ,1
5,‡∏ß‡∏±‡∏ô‡∏®‡∏∏‡∏Å‡∏£‡πå‡∏ô‡∏µ‡πâ‡∏°‡∏µ‡∏á‡∏≤‡∏ô‡∏à‡∏±‡∏ö‡∏™‡∏≤‡∏¢‡∏£‡∏´‡∏±‡∏™‡∏ô‡∏∞ 15.30-16.00 ‡∏ô.‡∏à‡πâ‡∏≤‡∏≤,1
6,"üì£üì£ VIDWEEK IS COMING
‡πÅ‡∏•‡∏∞‡∏ï‡∏≠‡∏ô‡∏ô‡∏µ‡πâ‡πÄ‡∏ó‡∏®‡∏Å‡∏≤‡∏•‡∏£‡∏±‡∏ö‡∏ô‡πâ‡∏≠‡∏á‡πÉ‡∏´‡∏°‡πà ‡∏Ñ‡∏ì‡∏∞‡∏ß‡∏¥‡∏ó‡∏¢‡∏≤‡∏®‡∏≤‡∏™‡∏ï‡∏£‡πå‡∏´‡∏£‡∏∑‡∏≠‡∏ß‡πà‡∏≤ VIDWEEK 2019 ‡∏Ç‡∏≠‡∏á‡πÄ‡∏£‡∏≤‡∏Å‡πá‡πÉ‡∏Å‡∏•‡πâ‡πÄ‡∏Ç‡πâ‡∏≤‡∏°‡∏≤‡∏ó‡∏∏‡∏Å‡∏ó‡∏µ‡πà‡πÅ‡∏•‡πâ‡∏ß‡∏ô‡∏∞‡∏Ñ‡∏£‡∏±‡∏ö 
‡∏Å‡πà‡∏≠‡∏ô‡∏≠‡∏∑‡πà‡∏ô‡πÄ‡∏•‡∏¢ ‡πÄ‡∏£‡∏≤‡∏ï‡πâ‡∏≠‡∏á‡∏°‡∏≤‡∏õ‡∏£‡∏∞‡∏Å‡∏≤‡∏®‡∏ò‡∏µ‡∏°‡∏Å‡πà‡∏≠‡∏ô‡∏Å‡πà‡∏≠‡∏ô‡πÄ‡∏•‡∏¢‡∏ß‡πà‡∏≤ VIDWEEK ‡∏Ç‡∏≠‡∏á‡πÄ‡∏£‡∏≤‡πÉ‡∏ô‡∏õ‡∏µ‡∏ô‡∏µ‡πâ‡∏ô‡∏±‡πâ‡∏ô ‡∏°‡∏≤‡πÉ‡∏ô‡∏ò‡∏µ‡∏°!

üåå ‚ÄúVIDYA AGRABAH‚Äùüåå ‚ÄºÔ∏è

‡∏ã‡∏∂‡πà‡∏á ‡∏≠‡πà‡∏≤‡∏ô‡∏ß‡πà‡∏≤ ‡∏ß‡∏¥‡∏ó‡∏¢‡∏≤ ‡∏≠‡∏±‡∏Ñ‡∏£‡∏≤‡∏ö‡∏≤‡∏ô‡∏∞‡∏Ñ‡∏£‡∏±‡∏ö ‡∏≠‡∏±‡∏Ñ‡∏£‡∏≤‡∏ö‡∏≤‡∏Å‡πá‡∏Ñ‡∏∑‡∏≠‡πÄ‡∏°‡∏∑‡∏≠‡∏á‡∏Ç‡∏≠‡∏á‡πÄ‡∏à‡πâ‡∏≤‡∏´‡∏ç‡∏¥‡∏á‡∏à‡∏±‡∏™‡∏°‡∏¥‡∏ô‡∏Å‡∏±‡∏ö‡πÄ‡∏à‡πâ‡∏≤‡∏ä‡∏≤‡∏¢‡∏≠‡∏•‡∏≤‡∏î‡∏¥‡∏ô‡πÉ‡∏ô‡πÄ‡∏£‡∏∑‡πà‡∏≠‡∏á‡∏≠‡∏•‡∏≤‡∏î‡∏¥‡∏ô‡∏ô‡∏±‡πà‡∏ô‡πÄ‡∏≠‡∏á",1
7,‡∏à‡∏±‡∏ö‡∏™‡∏≤‡∏¢‡∏£‡∏´‡∏±‡∏™‡∏ô‡πâ‡∏≠‡∏á‡∏ß‡∏±‡∏ô‡∏®‡∏∏‡∏Å‡∏£‡πå‡∏ô‡∏µ‡πâ‡∏ô‡∏∞‡∏Ñ‡πâ‡∏≤‡∏≤‡∏≤‡∏≤,1
8,"‡∏™‡∏≥‡∏´‡∏£‡∏±‡∏ö‡∏á‡∏≤‡∏ô‡∏™‡∏ñ‡∏≤‡∏ô‡∏ó‡∏µ‡πà‡πÄ‡∏ü‡∏¥‡∏£‡πå‡∏™‡πÄ‡∏î‡∏ï‡∏ß‡∏±‡∏ô‡∏ô‡∏µ‡πâ‡∏ô‡πâ‡∏≤‡∏≤
‚è∞ ‡∏•‡∏ó‡∏ö.‡πÉ‡∏ï‡πâ‡πÑ‡∏ã‡∏ô‡πå 11.00 ‡∏ô.
üçö ‡∏°‡∏µ‡∏Ç‡πâ‡∏≤‡∏ß‡πÅ‡∏à‡∏Å‡∏à‡πâ‡∏≤‡∏≤ ‚ú®

‡∏°‡∏≤‡∏Å‡∏±‡∏ô‡πÄ‡∏¢‡∏≠‡∏∞‡πÜ‡∏ô‡πâ‡∏≤‡∏≤‡∏≤ üíï",1
9,‡∏™‡∏ñ‡∏≤‡∏ô‡∏ó‡∏µ‡πà‡∏õ‡∏£‡∏∞‡∏ä‡∏∏‡∏°‡πÑ‡∏î‡πâ‡πÄ‡∏õ‡πá‡∏ô True Space ‡∏™‡∏¢‡∏≤‡∏°‡∏ã‡∏≠‡∏¢ 2 ‡∏ô‡∏∞‡∏Ñ‡∏£‡∏±‡∏ö,1
10,"‡∏ó‡∏∏‡∏Å‡∏Ñ‡∏ô ‡∏á‡∏≤‡∏ô‡∏™‡∏ñ‡∏≤‡∏ô‡∏ó‡∏µ‡πà‡πÄ‡∏ü‡∏¥‡∏£‡πå‡∏™‡πÄ‡∏î‡∏ï‡∏û‡∏£‡∏∏‡πà‡∏á‡∏ô‡∏µ‡πâ‡∏Ç‡∏≠‡πÄ‡∏•‡∏∑‡πà‡∏≠‡∏ô‡πÄ‡∏ß‡∏•‡∏≤‡∏ô‡∏±‡∏î‡πÄ‡∏õ‡πá‡∏ô 15.00 ‡∏ô. ‡∏ô‡πâ‡∏≤‡∏≤
üìç‡πÄ‡∏à‡∏≠‡∏Å‡∏±‡∏ô‡πÉ‡∏ï‡πâ‡πÑ‡∏ã‡∏ô‡πå
üçö‡∏°‡∏µ‡∏Ç‡πâ‡∏≤‡∏ß‡πÉ‡∏´‡πâ‡∏î‡πâ‡∏ß‡∏¢‡∏ô‡∏∞ ‚ú®

‡∏°‡∏≤‡∏ä‡πà‡∏ß‡∏¢‡∏Å‡∏±‡∏ô‡πÄ‡∏¢‡∏≠‡∏∞‡πÜ‡∏ô‡πâ‡∏≤‡∏≤‡∏≤",1
11,‡∏ó‡∏∏‡∏Å‡∏Ñ‡∏ô ‡∏ñ‡πâ‡∏≤‡∏¢‡∏±‡∏á‡πÑ‡∏°‡πà‡πÑ‡∏î‡πâ‡∏Ç‡πâ‡∏≠‡∏™‡∏£‡∏∏‡∏õ‡∏ß‡πà‡∏≤‡πÄ‡∏ã‡∏Ñ‡πÑ‡∏´‡∏ô ‡∏Ñ‡∏£‡∏π‡∏à‡∏∞‡∏¢‡∏∏‡∏ö‡πÉ‡∏´‡πâ‡πÄ‡∏´‡∏•‡∏∑‡∏≠‡πÄ‡∏ã‡∏Ñ 1 ‡πÅ‡∏•‡πâ‡∏ß‡∏ô‡∏∞,1
12,‡∏ß‡∏¥‡∏ä‡∏≤ OS ‡∏°‡∏±‡∏ô‡∏°‡∏µ 2 ‡πÄ‡∏ã‡∏Ñ‡πÅ‡∏ï‡πà‡∏≠.‡∏ä‡∏±‡∏ä‡∏ï‡πâ‡∏≠‡∏á‡∏Å‡∏≤‡∏£‡∏à‡∏∞‡∏¢‡∏∏‡∏ö‡πÉ‡∏´‡πâ‡πÄ‡∏´‡∏•‡∏∑‡∏≠‡πÄ‡∏ã‡∏Ñ‡πÄ‡∏î‡∏µ‡∏¢‡∏ß,1
13,‡∏ó‡∏∏‡∏Å‡∏Ñ‡∏ô‡∏ô ‡πÄ‡∏£‡∏≤‡∏Ç‡∏≠‡∏Ñ‡∏ß‡∏≤‡∏°‡∏£‡πà‡∏ß‡∏°‡∏°‡∏∑‡∏≠‡∏á‡∏≤‡∏ô‡πÄ‡∏ü‡∏¥‡∏£‡πå‡∏™‡πÄ‡∏î‡∏ï‡∏´‡∏ô‡πà‡∏≠‡∏¢,1
14,‡∏™‡∏≥‡∏´‡∏£‡∏±‡∏ö‡∏á‡∏≤‡∏ô‡∏ß‡∏¥‡∏î‡∏ß‡∏µ‡∏Ñ ‡πÄ‡∏£‡∏≤‡πÑ‡∏î‡πâ‡∏ó‡∏≥‡∏≠‡∏≠‡∏Å‡πÅ‡∏ö‡∏ö‡∏õ‡πâ‡∏≤‡∏¢‡∏ä‡∏∑‡πà‡∏≠‡∏î‡πâ‡∏ß‡∏¢ ‡∏Ç‡∏≠‡∏Ñ‡∏ô‡∏≠‡∏≠‡∏Å‡πÅ‡∏ö‡∏ö‡∏õ‡πâ‡∏≤‡∏¢‡∏ä‡∏∑‡πà‡∏≠‡∏™‡∏≥‡∏´‡∏£‡∏±‡∏ö‡∏á‡∏≤‡∏ô‡∏ß‡∏¥‡∏î‡∏ß‡∏µ‡∏Ñ‡∏î‡πâ‡∏ß‡∏¢‡∏ô‡πâ‡∏≤‡∏≤,1
15,‡∏Ç‡∏≠‡πÅ‡∏£‡∏á‡πÄ‡∏û‡∏∑‡πà‡∏≠‡∏ô‡πÜ ‡∏°‡∏≤‡∏ä‡πà‡∏ß‡∏¢‡∏ó‡∏≥‡∏á‡∏≤‡∏ô‡∏™‡∏ñ‡∏≤‡∏ô‡∏ó‡∏µ‡πà‡πÉ‡∏ô‡∏ß‡∏±‡∏ô‡πÄ‡∏ü‡∏¥‡∏£‡πå‡∏™‡πÄ‡∏î‡∏ï‡∏´‡∏ô‡πà‡∏≠‡∏¢‡∏à‡πâ‡∏≤‡∏≤,1
16,‡∏ô‡πâ‡∏≠‡∏á‡πÜ‡∏ù‡∏≤‡∏Å‡πÅ‡∏à‡πâ‡∏á‡∏°‡∏≤‡∏ß‡πà‡∏≤‡πÄ‡∏™‡∏∑‡πâ‡∏≠‡πÄ‡∏ü‡∏¥‡∏£‡πå‡∏™‡∏°‡∏µ‡∏ï‡∏™‡∏±‡πà‡∏á‡πÑ‡∏î‡πâ‡∏ñ‡∏∂‡∏á‡∏ß‡∏±‡∏ô‡∏ó‡∏µ‡πà12‡∏ô‡∏∞‡∏Ñ‡πâ‡∏≤‡∏ö ‚ù§,1
17,"‡∏•‡∏á‡∏ä‡∏∑‡πà‡∏≠‡∏Ñ‡∏ô‡∏ó‡∏µ‡πà‡∏à‡∏∞‡πÑ‡∏õ‡∏ä‡πà‡∏ß‡∏¢‡∏á‡∏≤‡∏ô‡πÄ‡∏ü‡∏¥‡∏£‡πå‡∏™‡πÄ‡∏î‡∏ï ‡∏ù‡πà‡∏≤‡∏¢‡∏™‡∏ñ‡∏≤‡∏ô‡∏ó‡∏µ‡πà‡∏à‡πâ‡∏≤‡∏≤

‡∏£‡∏≤‡∏¢‡∏•‡∏∞‡πÄ‡∏≠‡∏µ‡∏¢‡∏î
‚Ä¢ 21 ‡∏°‡∏¥‡∏¢. 13.00-16.00 (‡πÄ‡∏•‡∏ó‡∏ñ‡∏∂‡∏á 18.00 ‡πÑ‡∏î‡πâ‡∏ñ‡πâ‡∏≤‡πÑ‡∏°‡πà‡∏ó‡∏±‡∏ô)
- ‡∏Ç‡∏ô‡∏Ç‡∏≠‡∏á‡∏°‡∏≤‡∏•‡∏≤‡∏ô‡∏û‡∏£‡∏∞‡∏ö‡∏£‡∏°‡πÅ‡∏•‡∏∞‡πÉ‡∏ï‡πâ‡πÑ‡∏ã‡∏ô‡πå (‡∏°‡∏µ‡∏£‡∏ñ‡∏Å‡∏£‡∏∞‡∏ö‡∏∞‡∏ä‡πà‡∏ß‡∏¢‡∏Ç‡∏ô)
   ‚Äî ‡∏•‡∏≤‡∏ô‡∏û‡∏£‡∏∞‡∏ö‡∏£‡∏° ‡∏ï‡∏±‡πâ‡∏á‡πÄ‡∏ï‡πâ‡∏ô‡∏ó‡πå ‡∏Ñ‡∏±‡∏ó‡πÄ‡∏≠‡πâ‡∏≤‡∏ó‡πå
   ‚Äî ‡πÉ‡∏ï‡πâ‡πÑ‡∏ã‡∏ô‡πå ‡∏ï‡∏±‡πâ‡∏á‡πÄ‡∏ß‡∏ó‡∏µ‡∏´‡∏ô‡πâ‡∏≤ Tealicious
‚Ä¢ 22 ‡∏°‡∏¥‡∏¢. 12.00-16.00
- ‡πÄ‡∏Ñ‡∏•‡∏µ‡∏¢‡∏£‡πå‡∏™‡∏ñ‡∏≤‡∏ô‡∏ó‡∏µ‡πà‡∏ó‡∏±‡πâ‡∏á 2 ‡∏ó‡∏µ‡πà

‡∏Ç‡∏≠‡∏¢‡∏≠‡∏î‡∏ó‡∏µ‡πà 20 ‡∏Ñ‡∏ô‡∏à‡πâ‡∏≤‡∏≤",1
18,"üìç‡∏õ‡∏£‡∏∞‡∏Å‡∏≤‡∏®
‡∏Ç‡∏≠‡πÅ‡∏£‡∏á‡πÄ‡∏û‡∏∑‡πà‡∏≠‡∏ô‡πÜ 20 ‡∏Ñ‡∏ô ‡∏°‡∏≤‡∏ä‡πà‡∏ß‡∏¢‡∏á‡∏≤‡∏ô‡∏ù‡πà‡∏≤‡∏¢‡∏™‡∏ñ‡∏≤‡∏ô‡∏ó‡∏µ‡πà‡πÉ‡∏ô‡∏á‡∏≤‡∏ô‡πÄ‡∏ü‡∏¥‡∏£‡πå‡∏™‡πÄ‡∏î‡∏ï‡∏´‡∏ô‡πà‡∏≠‡∏¢‡∏à‡πâ‡∏≤",1
19,"‡∏õ‡∏£‡∏∞‡∏Å‡∏≤‡∏®!!
‡πÄ‡∏™‡∏∑‡πâ‡∏≠‡πÄ‡∏ü‡∏¥‡∏£‡πå‡∏™‡∏°‡∏µ‡∏ó‡∏õ‡∏£‡∏∞‡∏à‡∏≥‡∏õ‡∏µ 62 ‡∏≠‡∏≠‡∏Å‡∏°‡∏≤‡πÅ‡∏•‡πâ‡∏ß‡∏à‡πâ‡∏≤‡∏≤ üéâ
üí∏ ‡∏ï‡∏±‡∏ß‡∏•‡∏∞ 250 ‡∏ö‡∏≤‡∏ó‡πÄ‡∏ó‡πà‡∏≤‡∏ô‡∏±‡πâ‡∏ô",1
20,"‡∏™‡∏ß‡∏±‡∏™‡∏î‡∏µ‡∏ï‡∏≠‡∏ô‡πÄ‡∏Å‡∏∑‡∏≠‡∏ö‡πÄ‡∏ó‡∏µ‡πà‡∏¢‡∏á‡πÜ‡πÄ‡∏ô‡πà‡∏≠
‡∏≠‡∏¢‡πà‡∏≤‡∏•‡∏∑‡∏°‡πÑ‡∏õ‡∏Å‡∏£‡∏≠‡∏Å‡∏ü‡∏≠‡∏£‡πå‡∏°‡∏•‡∏á‡∏ó‡∏∞‡πÄ‡∏ö‡∏µ‡∏¢‡∏ô‡∏ó‡∏£‡∏¥‡∏õ‡∏†‡∏≤‡∏Ñ‡πÄ‡∏ô‡πâ‡∏≠‡∏≠
‚úÖ‡πÑ‡∏õ ‡πÑ‡∏°‡πà‡πÑ‡∏õ ‡∏Å‡πá‡∏ï‡πâ‡∏≠‡∏á‡∏Å‡∏£‡∏≠‡∏Å‡∏ô‡∏∞‡∏Ñ‡∏£‡πâ‡∏≤‡∏ö ‡∏¢‡∏∂‡∏î‡∏à‡∏≤‡∏Å‡∏ï‡∏±‡∏ß‡∏ô‡∏µ‡πâ‡πÄ‡∏õ‡πá‡∏ô‡∏´‡∏•‡∏±‡∏Å
üî•‡πÄ‡∏ô‡∏∑‡πà‡∏≠‡∏á‡∏à‡∏≤‡∏Å‡πÄ‡∏û‡∏∑‡πà‡∏≠‡∏ô‡∏ö‡∏≤‡∏á‡∏Ñ‡∏ô‡∏¢‡∏±‡∏á‡πÑ‡∏°‡πà‡πÑ‡∏î‡πâ‡∏Å‡∏£‡∏≠‡∏Å‡∏ä‡∏∑‡πà‡∏≠ ‡∏ñ‡πâ‡∏≤‡∏´‡∏°‡∏î‡πÄ‡∏ß‡∏•‡∏≤‡πÄ‡∏£‡∏≤‡∏à‡∏∞‡∏ñ‡∏∑‡∏≠‡∏ß‡πà‡∏≤‡∏ï‡∏±‡∏î‡∏™‡∏¥‡∏ô‡πÉ‡∏à‡πÑ‡∏õ‡∏ó‡∏£‡∏¥‡∏õ‡∏†‡∏≤‡∏Ñ‡∏ô‡∏∞‡∏Ñ‡∏£‡∏±‡∏ö
‚è±‡πÄ‡∏´‡∏•‡∏∑‡∏≠‡πÄ‡∏ß‡∏•‡∏≤‡πÅ‡∏Ñ‡πà‡πÄ‡∏¢‡πá‡∏ô‡∏ô‡∏µ‡πâ‡πÅ‡∏•‡πâ‡∏ß‡∏ô‡πâ‡∏≤
üëáüëá‡∏à‡∏¥‡πâ‡∏°‡πÑ‡∏î‡πâ‡πÄ‡∏•‡∏¢‡∏à‡πâ‡∏≤
https://forms.gle/zwt2Kh2QWwo1kNkN8",1
21,"‡∏™‡∏ß‡∏±‡∏™‡∏î‡∏µ‡∏¢‡∏≤‡∏°‡πÄ‡∏ä‡πâ‡∏≤(?)‡∏ô‡πâ‡∏≤‡∏ó‡∏∏‡∏Å‡∏Ñ‡∏ô‡∏ô
‡∏≠‡∏¢‡πà‡∏≤‡∏•‡∏∑‡∏°‡πÑ‡∏õ‡∏Å‡∏£‡∏≠‡∏Å‡∏ü‡∏≠‡∏£‡πå‡∏°‡∏•‡∏á‡∏ó‡∏∞‡πÄ‡∏ö‡∏µ‡∏¢‡∏ô‡∏ó‡∏£‡∏¥‡∏õ‡∏†‡∏≤‡∏Ñ‡πÄ‡∏ô‡πâ‡∏≠‡∏≠
‚úÖ‡πÑ‡∏õ ‡πÑ‡∏°‡πà‡πÑ‡∏õ ‡∏Å‡πá‡∏ï‡πâ‡∏≠‡∏á‡∏Å‡∏£‡∏≠‡∏Å‡∏ô‡∏∞‡∏Ñ‡∏£‡πâ‡∏≤‡∏ö ‡∏¢‡∏∂‡∏î‡∏à‡∏≤‡∏Å‡∏ï‡∏±‡∏ß‡∏ô‡∏µ‡πâ‡πÄ‡∏õ‡πá‡∏ô‡∏´‡∏•‡∏±‡∏Å
‚è±‡πÄ‡∏´‡∏•‡∏∑‡∏≠‡∏ß‡∏±‡∏ô‡∏ô‡∏µ‡πâ‡πÅ‡∏•‡πâ‡∏ß‡∏Å‡πá‡∏Ñ‡∏∑‡∏ô‡∏û‡∏£‡∏∏‡πà‡∏á‡∏ô‡∏µ‡πâ‡πÅ‡∏•‡πâ‡∏ß‡∏ô‡πâ‡∏≤
üëáüëá‡∏à‡∏¥‡πâ‡∏°‡πÑ‡∏î‡πâ‡πÄ‡∏•‡∏¢‡∏à‡πâ‡∏≤
https://forms.gle/zwt2Kh2QWwo1kNkN8",1
22,"üèù‡πÅ‡∏ö‡∏ö‡∏ü‡∏≠‡∏£‡πå‡∏°‡∏•‡∏á‡∏ó‡∏∞‡πÄ‡∏ö‡∏µ‡∏¢‡∏ô‡∏™‡∏≥‡∏´‡∏£‡∏±‡∏ö‡πÄ‡∏Ç‡πâ‡∏≤‡∏£‡πà‡∏ß‡∏°‡∏Å‡∏¥‡∏à‡∏Å‡∏£‡∏£‡∏°‡∏ó‡∏£‡∏¥‡∏õ‡∏†‡∏≤‡∏Ñ2019 

‡∏£‡∏ö‡∏Å‡∏ß‡∏ô‡πÄ‡∏û‡∏∑‡πà‡∏≠‡∏ô‡πÜ‡∏ó‡∏∏‡∏Å‡∏Ñ‡∏ô‡∏ä‡πà‡∏ß‡∏¢‡πÄ‡∏Ç‡πâ‡∏≤‡πÑ‡∏õ‡∏Å‡∏£‡∏≠‡∏Å‡πÅ‡∏ö‡∏ö‡∏ü‡∏≠‡∏£‡πå‡∏°‡∏ó‡∏±‡πâ‡∏á‡∏Ñ‡∏ô‡∏ó‡∏µ‡πà‡∏à‡∏∞‡πÑ‡∏õ‡πÅ‡∏•‡∏∞ ‚Äò‡πÑ‡∏°‡πà‡πÑ‡∏õ‚Äô 

‚úÖ‡∏†‡∏≤‡∏¢‡πÉ‡∏ô‡∏ß‡∏±‡∏ô‡∏û‡∏§‡∏´‡∏±‡∏™‡∏ö‡∏î‡∏µ‡∏ó‡∏µ‡πà 30 ‡∏û.‡∏Ñ ‡πÄ‡∏ß‡∏•‡∏≤ 23.59 ‡∏ô.
üíñ‡∏£‡∏≤‡∏¢‡∏•‡∏∞‡πÄ‡∏≠‡∏µ‡∏¢‡∏î‡∏ï‡πà‡∏≤‡∏á‡πÜ‡∏à‡∏∞‡πÅ‡∏à‡πâ‡∏á‡πÉ‡∏´‡πâ‡∏ó‡∏£‡∏≤‡∏ö‡∏ï‡πà‡∏≠‡πÑ‡∏õ ‡∏Ç‡∏≠‡∏ö‡∏Ñ‡∏∏‡∏ì‡∏™‡∏≥‡∏´‡∏£‡∏±‡∏ö‡∏Ñ‡∏ß‡∏≤‡∏°‡∏£‡πà‡∏ß‡∏°‡∏°‡∏∑‡∏≠‡∏Ñ‡πà‡∏≤
https://forms.gle/zwt2Kh2QWwo1kNkN8",1
23,"üìå ‡∏ó‡∏∏‡∏Å‡∏Ñ‡∏ô‡∏ô ‡∏≠‡∏µ‡∏Å‡∏™‡∏≠‡∏á‡πÄ‡∏î‡∏∑‡∏≠‡∏ô‡∏Å‡πá‡∏ó‡∏£‡∏¥‡∏õ‡∏†‡∏≤‡∏Ñ‡πÅ‡∏•‡πâ‡∏ß ‡πÄ‡∏£‡∏≤‡∏°‡∏≤‡∏Ç‡∏≠‡πÅ‡∏£‡∏á‡∏ó‡∏∏‡∏Å‡∏Ñ‡∏ô‡∏ä‡πà‡∏ß‡∏¢‡∏Å‡∏±‡∏ô‡∏ó‡∏≥‡∏ó‡∏£‡∏¥‡∏õ‡∏´‡∏ô‡πà‡∏≠‡∏¢‡∏ô‡πâ‡∏≤‡∏≤‡∏≤ ‡∏°‡∏µ‡∏ù‡πà‡∏≤‡∏¢‡∏ï‡∏≤‡∏°‡∏ô‡∏µ‡πâ‡πÄ‡∏•‡∏¢

‡∏ù‡πà‡∏≤‡∏¢‡∏Å‡∏¥‡∏à‡∏Å‡∏£‡∏£‡∏°
- ‡∏î‡∏π‡πÅ‡∏•‡πÄ‡∏£‡∏∑‡πà‡∏≠‡∏á‡∏Å‡∏¥‡∏à‡∏Å‡∏£‡∏£‡∏°‡∏ó‡∏∏‡∏Å‡∏≠‡∏¢‡πà‡∏≤‡∏á‡πÉ‡∏ô‡∏ó‡∏£‡∏¥‡∏õ ‡∏ó‡∏±‡πâ‡∏á‡∏Ñ‡∏¥‡∏î‡∏Å‡∏¥‡∏à‡∏Å‡∏£‡∏£‡∏° ‡πÄ‡∏ï‡∏£‡∏µ‡∏¢‡∏°‡πÄ‡∏Å‡∏°‡∏ï‡πà‡∏≤‡∏á‡πÜ ‡∏Ç‡∏≠‡∏Ñ‡∏ô‡πÄ‡∏¢‡∏≠‡∏∞‡πÜ‡∏´‡∏ô‡πà‡∏≠‡∏¢‡∏ô‡πâ‡∏≤ üò¢

‡∏ù‡πà‡∏≤‡∏¢‡∏ó‡∏∞‡πÄ‡∏ö‡∏µ‡∏¢‡∏ô
- ‡πÄ‡∏ä‡πá‡∏Ñ‡∏ä‡∏∑‡πà‡∏≠‡∏û‡∏µ‡πà&‡∏ô‡πâ‡∏≠‡∏á ‡∏î‡∏π‡πÅ‡∏•‡πÄ‡∏£‡∏∑‡πà‡∏≠‡∏á‡πÄ‡∏≠‡∏Å‡∏™‡∏≤‡∏£ ‡∏á‡∏≤‡∏ô‡∏à‡∏∞‡∏´‡∏ô‡∏±‡∏Å‡∏ä‡πà‡∏ß‡∏á‡∏Å‡πà‡∏≠‡∏ô‡∏ó‡∏£‡∏¥‡∏õ ‡∏û‡∏≠‡πÄ‡∏™‡∏£‡πá‡∏à‡πÅ‡∏•‡πâ‡∏ß‡∏à‡∏∞‡∏Å‡∏£‡∏∞‡∏à‡∏≤‡∏¢‡πÑ‡∏õ‡πÄ‡∏õ‡πá‡∏ô‡∏û‡∏µ‡πà‡∏Å‡∏•‡∏∏‡πà‡∏°‡∏ô‡πâ‡∏≤

‡∏ù‡πà‡∏≤‡∏¢‡∏™‡∏ñ‡∏≤‡∏ô‡∏ó‡∏µ‡πà
- ‡∏î‡∏π‡πÅ‡∏•‡∏Ñ‡∏ß‡∏≤‡∏°‡πÄ‡∏£‡∏µ‡∏¢‡∏ö‡∏£‡πâ‡∏≠‡∏¢&‡πÄ‡∏ï‡∏£‡∏µ‡∏¢‡∏°‡∏Ñ‡∏ß‡∏≤‡∏°‡∏û‡∏£‡πâ‡∏≠‡∏°‡∏Ç‡∏≠‡∏á‡∏™‡∏ñ‡∏≤‡∏ô‡∏ó‡∏µ‡πà ex. ‡πÄ‡∏ä‡πá‡∏Ñ‡∏´‡πâ‡∏≠‡∏á‡∏û‡∏±‡∏Å‡∏Å‡πà‡∏≠‡∏ô&‡∏´‡∏•‡∏±‡∏á‡πÄ‡∏Ç‡πâ‡∏≤‡∏û‡∏±‡∏Å ‡πÄ‡∏ï‡∏£‡∏µ‡∏¢‡∏°‡∏ß‡∏ñ‡∏≤‡∏ô‡∏ó‡∏µ‡πà‡∏ö‡∏≤‡∏¢‡∏®‡∏£‡∏µ 

‡∏ù‡πà‡∏≤‡∏¢‡∏û‡∏±‡∏™‡∏î‡∏∏
- ‡∏ä‡∏∑‡πâ‡∏≠‡∏Ç‡∏≠‡∏á‡πÅ‡∏•‡∏∞‡πÄ‡∏ä‡πá‡∏Ñ‡∏à‡∏≥‡∏ô‡∏ß‡∏ô‡∏Ç‡∏≠‡∏á‡∏ó‡∏µ‡πà‡∏à‡∏≥‡πÄ‡∏õ‡πá‡∏ô ‡∏£‡∏ß‡∏°‡∏ñ‡∏∂‡∏á‡∏Ç‡∏≠‡∏™‡∏õ‡∏≠‡∏ô‡∏î‡πâ‡∏ß‡∏¢

‡∏ù‡πà‡∏≤‡∏¢‡∏™‡∏ß‡∏±‡∏™‡∏î‡∏¥‡∏Å‡∏≤‡∏£
- ‡∏ï‡∏≤‡∏°‡∏ä‡∏∑‡πà‡∏≠‡πÄ‡∏•‡∏¢‡∏≠‡∏∞‡πÅ‡∏´‡∏•‡∏∞ ‡∏Ñ‡∏≠‡∏¢‡∏î‡∏π‡πÅ‡∏•‡πÄ‡∏û‡∏∑‡πà‡∏≠‡∏ô‡πÜ ‡∏î‡∏π‡πÅ‡∏•‡∏ô‡πâ‡∏≠‡∏á‡πÜ (‡∏£‡∏ß‡∏°‡∏û‡∏¢‡∏≤‡∏ö‡∏≤‡∏•‡∏î‡πâ‡∏ß‡∏¢) ‡πÅ‡∏•‡πâ‡∏ß‡∏Å‡πá ‡∏î‡∏π‡πÅ‡∏•‡πÄ‡∏£‡∏∑‡πà‡∏≠‡∏á‡∏Ç‡∏≠‡∏á‡∏Å‡∏¥‡∏ô ‡∏ô‡πâ‡∏≥ ‡∏Å‡∏£‡∏∞‡πÄ‡∏õ‡πã‡∏≤ ‡πÑ‡∏£‡∏á‡∏µ",1
24,"‡∏õ‡∏£‡∏∞‡∏Å‡∏≤‡∏®‡∏à‡πâ‡∏≤
‡∏Ç‡∏≠‡∏≠‡∏≤‡∏™‡∏≤‡∏™‡∏°‡∏±‡∏Ñ‡∏£‡∏ú‡∏π‡πâ‡∏ä‡∏≤‡∏¢ 9-10 ‡∏Ñ‡∏ô ‡∏°‡∏≤‡∏ä‡πà‡∏ß‡∏¢‡∏ä‡∏¥‡∏°‡∏≠‡∏≤‡∏´‡∏≤‡∏£(‡∏á‡∏≤‡∏ô‡∏ß‡∏¥‡∏à‡∏±‡∏¢‡∏Ç‡∏≠‡∏á‡∏†‡∏≤‡∏Ñ‡∏ü‡∏π‡πâ‡∏î, ‡πÄ‡∏ö‡∏ó‡∏≤‡πÇ‡∏Å‡∏£ ‡πÅ‡∏•‡∏∞ kikoman) ‡∏ä‡πà‡∏ß‡∏á‡∏ß‡∏±‡∏ô‡∏ó‡∏µ‡πà 19-28 ‡∏°‡∏¥‡∏ñ‡∏∏‡∏ô‡∏≤‡∏¢‡∏ô(‡∏ß‡∏±‡∏ô‡πÉ‡∏î‡∏ß‡∏±‡∏ô‡∏´‡∏ô‡∏∂‡πà‡∏á‡πÉ‡∏ô‡∏ä‡πà‡∏ß‡∏á‡∏ô‡∏µ‡πâ ‡πÄ‡∏î‡∏µ‡πã‡∏¢‡∏ß‡∏ô‡∏±‡∏î‡∏≠‡∏µ‡∏Å‡∏ó‡∏µ) ‡πÉ‡∏ä‡πâ‡πÄ‡∏ß‡∏•‡∏≤‡∏ó‡∏î‡∏™‡∏≠‡∏ö 75 ‡∏ô‡∏≤‡∏ó‡∏µ 
‡πÄ‡∏™‡∏£‡πá‡∏à‡πÅ‡∏•‡πâ‡∏ß‡πÑ‡∏î‡πâ‡∏Ç‡∏≠‡∏á‡∏ä‡∏≥‡∏£‡πà‡∏ß‡∏¢‡πÄ‡∏õ‡πá‡∏ô gift set ‡∏à‡∏≤‡∏Å kikoman 
‡πÉ‡∏Ñ‡∏£‡∏™‡∏ô‡πÉ‡∏à‡∏Å‡πá‡∏ó‡∏±‡∏Å‡πÄ‡∏£‡∏≤‡∏°‡∏≤‡πÇ‡∏•‡∏î",1
25,‡∏≠‡∏±‡∏ô‡∏ô‡∏µ‡πâ‡πÄ‡∏õ‡πá‡∏ô‡∏ü‡∏≠‡∏£‡πå‡∏°‡∏Ç‡πâ‡∏≠‡∏°‡∏π‡∏•‡∏ï‡∏¥‡∏î‡∏ï‡πà‡∏≠‡πÄ‡∏û‡∏∑‡πà‡∏≠‡∏ô‡πÜ‡∏Ñ‡πâ‡∏≤‡∏ö ‡∏û‡∏≠‡∏î‡∏µ‡∏ô‡∏∂‡∏Å‡∏Ç‡∏∂‡πâ‡∏ô‡πÑ‡∏î‡πâ‡∏ß‡πà‡∏≤‡∏¢‡∏±‡∏á‡πÑ‡∏°‡πà‡∏°‡∏µ‡∏£‡∏ß‡∏°‡∏Ç‡πâ‡∏≠‡∏°‡∏π‡∏•‡∏ï‡∏¥‡∏î‡∏ï‡πà‡∏≠‡πÄ‡∏û‡∏∑‡πà‡∏≠‡∏ô‡πÜ‡πÄ‡∏•‡∏¢,1
26,‡πÅ‡∏ï‡πà‡∏Ç‡∏≠‡∏î‡πà‡∏ß‡∏ô‡∏ó‡∏µ‡πà‡∏™‡∏∏‡∏î!! ‡πÄ‡∏û‡∏£‡∏≤‡∏∞‡∏≠‡∏≤‡∏à‡∏≤‡∏£‡∏¢‡πå‡∏ä‡∏±‡∏ä‡∏ß‡∏¥‡∏ó‡∏¢‡πå‡∏Ç‡∏≠‡πÄ‡∏°‡∏•‡∏ó‡∏∏‡∏Å‡∏Ñ‡∏ô‡πÑ‡∏õ‡∏™‡πà‡∏á‡∏Ñ‡∏∞‡πÅ‡∏ô‡∏ô‡∏à‡πâ‡∏≤,1
27,‡πÄ‡∏û‡∏∑‡πà‡∏≠‡∏ô‡πÉ‡∏Ñ‡∏£‡∏¢‡∏±‡∏á‡πÑ‡∏°‡πà‡πÑ‡∏î‡πâ‡∏Å‡∏î‡πÇ‡∏´‡∏ß‡∏ï ‡∏£‡∏ö‡∏Å‡∏ß‡∏ô‡∏ñ‡∏≤‡∏°‡πÉ‡∏´‡πâ‡∏´‡∏ô‡πà‡∏≠‡∏¢‡∏ô‡πâ‡∏≤,1
28,"‡πÄ‡∏™‡∏ô‡∏≠‡∏ï‡∏µ‡∏°‡∏ó‡∏£‡∏¥‡∏õ‡∏†‡∏≤‡∏Ñ‡πÇ‡∏û‡∏™‡∏ï‡πå‡∏ô‡∏µ‡πâ‡∏Ñ‡πâ‡∏≤‡∏ö ‡∏ï‡∏µ‡∏°‡∏ô‡∏µ‡πâ‡∏à‡∏∞‡πÉ‡∏ä‡πâ‡πÄ‡∏õ‡πá‡∏ô‡∏´‡∏•‡∏±‡∏Å‡πÄ‡∏•‡∏¢‡∏¢‡∏¢‡∏¢ ‡πÄ‡∏™‡∏ô‡∏≠‡∏ï‡∏µ‡∏°‡πÅ‡∏•‡πâ‡∏ß‡πÅ‡∏ö‡∏ö‡∏Ç‡∏≠‡∏£‡∏≤‡∏¢‡∏•‡∏∞‡πÄ‡∏≠‡∏µ‡∏¢‡∏î‡∏î‡πâ‡∏ß‡∏¢‡∏ß‡πà‡∏≤‡πÄ‡∏£‡∏≤‡∏ó‡∏≥‡∏≠‡∏∞‡πÑ‡∏£‡∏Å‡∏±‡∏ö‡∏ï‡∏µ‡∏°‡∏ô‡∏µ‡πâ‡πÑ‡∏î‡πâ‡∏ö‡πâ‡∏≤‡∏á ‡∏≠‡∏¢‡∏≤‡∏Å‡πÉ‡∏´‡πâ‡∏ï‡∏µ‡∏°‡πÉ‡∏ä‡πâ‡πÑ‡∏î‡πâ‡∏°‡∏≤‡∏Å‡∏Å‡∏ß‡πà‡∏≤‡πÄ‡∏õ‡πá‡∏ô‡∏ä‡∏∑‡πà‡∏≠‡∏Å‡∏•‡∏∏‡πà‡∏°‡∏≠‡πà‡∏≤
ex.‡∏ï‡∏µ‡∏°‡∏ô‡∏±‡∏Å‡∏™‡∏∑‡∏ö ‡∏Å‡∏¥‡∏à‡∏Å‡∏£‡∏£‡∏°‡∏™‡∏¥‡∏ö‡∏Ñ‡∏î‡∏µ ‡πÑ‡∏£‡∏á‡∏µ‡πâ‡πÜ‡πÜ‡πÜ",1
29,"‡∏ó‡∏∏‡∏Å‡∏Ñ‡∏ô ‡∏ß‡∏±‡∏ô‡∏ô‡∏µ‡πâ‡πÄ‡∏£‡∏≤‡∏à‡∏∞‡∏°‡∏≤‡πÅ‡∏à‡πâ‡∏á‡πÄ‡∏£‡∏∑‡πà‡∏≠‡∏á‡∏ó‡∏£‡∏¥‡∏õ‡∏†‡∏≤‡∏Ñ‡∏Ñ‡∏Ñ‡∏Ñ
‡∏ï‡∏≤‡∏°‡πÅ‡∏û‡∏•‡∏ô‡πÄ‡∏£‡∏≤‡∏Ñ‡∏∑‡∏≠‡πÄ‡∏£‡∏≤‡∏à‡∏∞‡πÉ‡∏´‡πâ‡πÄ‡∏™‡∏ô‡∏≠‡∏ï‡∏µ‡∏°‡∏ó‡∏£‡∏¥‡∏õ‡∏†‡∏≤‡∏Ñ‡∏ß‡∏±‡∏ô‡∏ô‡∏µ‡πâ - ‡∏û‡∏£‡∏∏‡πà‡∏á‡∏ô‡∏µ‡πâ‡πÄ‡∏ó‡∏µ‡πà‡∏¢‡∏á‡πÜ ‡πÅ‡∏•‡πâ‡∏ß‡∏à‡∏∞‡πÉ‡∏´‡πâ‡∏ó‡∏∏‡∏Å‡∏Ñ‡∏ô‡πÇ‡∏´‡∏ß‡∏ï‡∏ï‡∏µ‡∏°‡∏ô‡πâ‡∏≤ ‡∏´‡∏•‡∏±‡∏á‡∏à‡∏≤‡∏Å‡∏ô‡∏±‡πâ‡∏ô‡πÄ‡∏£‡∏≤‡∏à‡∏∞‡∏£‡∏µ‡∏Ñ‡∏£‡∏π‡∏ó‡∏Ñ‡∏ô‡πÄ‡∏Ç‡πâ‡∏≤‡∏ù‡πà‡∏≤‡∏¢",1
30,‡πÄ‡∏£‡∏≤‡∏°‡∏µ‡πÄ‡∏£‡∏∑‡πà‡∏≠‡∏á‡∏à‡∏∞‡∏°‡∏≤‡∏õ‡∏£‡∏∞‡∏ä‡∏≤‡∏™‡∏±‡∏°‡∏û‡∏±‡∏ô‡∏ò‡πå‡∏≠‡∏µ‡∏Å‡∏£‡∏≠‡∏ö‡∏à‡πâ‡∏≤ ‡∏ß‡∏±‡∏ô‡πÄ‡∏™‡∏≤‡∏£‡πå‡∏ô‡∏µ‡πâ ‡πÄ‡∏£‡∏≤‡∏°‡∏µ‡∏á‡∏≤‡∏ô‡∏ö‡∏≤‡∏¢‡πÄ‡∏ô‡∏µ‡∏¢‡∏£‡πå‡∏™‡πà‡∏á‡∏û‡∏µ‡πà‡∏õ‡∏µ4‡πÑ‡∏õ‡πÄ‡∏õ‡πá‡∏ô‡∏ö‡∏±‡∏ì‡∏ë‡∏¥‡∏ï‡∏Å‡∏±‡∏ô‡πÄ‡∏ô‡πâ‡∏≠ ‡∏ñ‡πâ‡∏≤‡πÉ‡∏Ñ‡∏£‡∏™‡∏ô‡πÉ‡∏à‡∏ó‡∏µ‡πà‡∏à‡∏∞‡πÑ‡∏õ ‡∏ó‡∏±‡∏Å‡πÑ‡∏õ‡∏´‡∏≤‡∏û‡∏µ‡πà‡πÅ‡∏õ‡πâ‡∏á‡πÑ‡∏î‡πâ‡πÄ‡∏•‡∏¢‡∏à‡πâ‡∏≤,1
31,‡∏Å‡∏£‡∏≤‡∏ö‡∏™‡∏ß‡∏±‡∏™‡∏î‡∏µ‡πÄ‡∏û‡∏∑‡πà‡∏≠‡∏ô‡πÜ‡∏ó‡∏∏‡∏Å‡∏Ñ‡∏ô‡∏¢‡∏≤‡∏°‡∏î‡∏∂‡∏Å‡∏à‡πâ‡∏≤ ‡∏•‡∏∞‡∏Å‡πá‡∏Ç‡∏≠‡πÇ‡∏ó‡∏©‡∏ï‡∏∞‡∏Å‡∏µ‡πâ‡∏û‡∏¥‡∏°‡∏û‡πå‡∏ú‡∏¥‡∏î unsend‡πÅ‡∏õ‡∏õ,1
32,‡∏°‡∏µ‡πÉ‡∏Ñ‡∏£‡∏à‡∏∞‡πÑ‡∏õ‡∏á‡∏≤‡∏ô‡∏ö‡∏≤‡∏¢‡πÄ‡∏ô‡∏µ‡∏¢‡∏£‡πå‡∏°‡∏±‡πâ‡∏¢‡∏Ñ‡πâ‡∏≤‡∏ö‡∏ö‡∏ö,1
33,"‡∏ù‡∏≤‡∏Å‡πÄ‡∏û‡∏∑‡πà‡∏≠‡∏ô‡πÜ‡∏ä‡πà‡∏ß‡∏¢‡∏ó‡∏≥‡πÅ‡∏ö‡∏ö‡∏õ‡∏£‡∏∞‡πÄ‡∏°‡∏¥‡∏ô big cleaning ‡∏´‡∏ô‡πà‡∏≠‡∏¢‡∏à‡πâ‡∏≤ ‡∏¢‡∏≠‡∏î‡∏¢‡∏±‡∏á‡∏Ç‡∏≤‡∏î‡∏≠‡∏µ‡∏Å‡πÄ‡∏¢‡∏≠‡∏∞‡πÄ‡∏¢‡∏¢‡πÄ‡∏î‡πâ‡∏≠‡∏≠ 
https://forms.gle/Y9auEGkxp96tk2kG8 ;)",1
34,‡πÄ‡∏£‡∏¥‡πà‡∏°‡∏ó‡∏≥‡∏Ñ‡∏ß‡∏≤‡∏°‡∏™‡∏∞‡∏≠‡∏≤‡∏î 13.00 ‡∏ô. ‡∏†‡∏≤‡∏Ñ‡πÄ‡∏£‡∏≤‡∏£‡∏±‡∏ö‡∏ú‡∏¥‡∏î‡∏ä‡∏≠‡∏ö‡∏ä‡∏±‡πâ‡∏ô 7 ‡∏Å‡∏±‡∏ö‡∏´‡πâ‡∏≠‡∏á‡∏†‡∏≤‡∏Ñ‡πÄ‡∏£‡∏≤‡∏ô‡∏∞ ‡∏°‡∏≤‡∏ä‡πà‡∏ß‡∏¢‡∏Å‡∏±‡∏ô‡∏´‡∏ô‡πà‡∏≠‡∏¢‡∏ô‡πâ‡∏≤,1
35,‡∏™‡∏≥‡∏´‡∏£‡∏±‡∏ö‡∏Ñ‡∏ô‡∏ó‡∏µ‡πà‡∏à‡∏∞‡∏°‡∏≤‡∏ó‡∏≥ ‡πÑ‡∏õ‡πÄ‡∏à‡∏≠‡∏Å‡∏±‡∏ô‡∏´‡πâ‡∏≠‡∏á‡∏†‡∏≤‡∏Ñ‡∏ä‡∏±‡πâ‡∏ô 8 ‡πÄ‡∏•‡∏¢‡∏ô‡πâ‡∏≤,1
36,‡∏û‡∏£‡∏∏‡πà‡∏á‡∏ô‡∏µ‡πâ‡πÄ‡∏£‡∏≤‡∏ó‡∏≥‡∏Ñ‡∏ß‡∏≤‡∏°‡∏™‡∏∞‡∏≠‡∏≤‡∏î ‡∏ï‡∏£‡∏á‡∏´‡πâ‡∏≠‡∏á‡∏†‡∏≤‡∏Ñ  ‡∏´‡πâ‡∏≠‡∏á‡∏Ñ‡∏≠‡∏°‡∏ä‡∏±‡πâ‡∏ô7. ‡πÅ‡∏•‡πâ‡∏ß‡∏Å‡πá‡∏ï‡∏£‡∏á‡∏•‡πá‡∏≠‡∏Ñ‡πÄ‡∏Å‡∏≠‡∏£‡πå‡∏ô‡∏∞ ‡∏°‡∏≤‡∏ä‡πà‡∏ß‡∏¢‡∏Å‡∏±‡∏ô‡πÄ‡∏¢‡∏≠‡∏∞‡πÜ‡∏ô‡πâ‡∏≤,1
37,‡πÇ‡∏Ñ‡∏£‡∏á‡∏Å‡∏≤‡∏£‡∏™‡πà‡∏á‡πÄ‡∏™‡∏£‡∏¥‡∏°‡∏Ñ‡∏ß‡∏≤‡∏°‡πÄ‡∏õ‡πá‡∏ô‡πÄ‡∏•‡∏¥‡∏®‡∏î‡πâ‡∏≤‡∏ô‡∏Å‡∏≤‡∏£‡∏à‡∏±‡∏î‡∏Å‡∏≤‡∏£‡∏Ñ‡∏∏‡∏ì‡∏†‡∏≤‡∏û‡∏ã‡∏≠‡∏ü‡πÅ‡∏ß‡∏£‡πå ‡∏î‡∏π‡∏£‡∏≤‡∏¢‡∏•‡∏∞‡πÄ‡∏≠‡∏µ‡∏¢‡∏î‡πÑ‡∏î‡πâ‡πÉ‡∏ô‡πÑ‡∏ü‡∏•‡πå‡∏ô‡∏µ‡πâ‡∏ô‡∏∞ (hand pointing down),1
38,"‡∏Ç‡∏≠‡πÅ‡∏£‡∏á‡∏Ñ‡∏ô‡∏ä‡πà‡∏ß‡∏¢‡∏ã‡∏∑‡πâ‡∏≠‡∏Ç‡∏≠‡∏á‡∏ó‡∏≥‡∏Ñ‡∏ß‡∏≤‡∏°‡∏™‡∏∞‡∏≠‡∏≤‡∏î 5 ‡∏Ñ‡∏ô‡∏Ñ‡πà‡∏≤‡∏≤

‡πÄ‡∏à‡∏≠‡∏Å‡∏±‡∏ô‡∏ó‡∏µ‡πà‡πÉ‡∏ï‡πâ‡∏†‡∏≤‡∏Ñ ‡∏ö‡πà‡∏≤‡∏¢‡πÇ‡∏°‡∏á ‡∏ô‡∏≥‡∏ó‡∏µ‡∏° by ‡∏ç‡∏µ‡πà‡∏õ‡∏∏‡πà‡∏ô @.u…êd…ê…æ ‡πÄ‡∏î‡πâ‡∏≠‡∏Ñ‡πà‡∏∞",1
39,"‡∏†‡∏≤‡∏Ñ‡πÄ‡∏£‡∏≤‡∏Å‡∏±‡∏ö‡πÅ‡∏°‡∏ó‡∏à‡∏∞‡∏°‡∏µ‡πÇ‡∏Ñ‡∏£‡∏á‡∏Å‡∏≤‡∏£ Big Cleaning ‡πÉ‡∏ô‡∏ß‡∏±‡∏ô‡∏ó‡∏µ‡πà 29 ‡∏°‡∏µ.‡∏Ñ.(‡∏®‡∏∏‡∏Å‡∏£‡πå‡∏´‡∏ô‡πâ‡∏≤)
‡∏ó‡∏≥‡∏Ñ‡∏ß‡∏≤‡∏°‡∏™‡∏∞‡∏≠‡∏≤‡∏î‡∏ó‡∏µ‡πà
1.‡πÉ‡∏ï‡πâ‡∏†‡∏≤‡∏Ñ
2.‡∏´‡πâ‡∏≠‡∏á‡∏†‡∏≤‡∏Ñ
3.‡∏´‡πâ‡∏≠‡∏á‡πÅ‡∏•‡∏õ‡∏ä‡∏±‡πâ‡∏ô 7
‡∏Ç‡∏≠‡∏Å‡∏≥‡∏•‡∏±‡∏á‡∏Ñ‡∏ô‡∏°‡∏≤‡∏ä‡πà‡∏ß‡∏¢‡∏Å‡∏±‡∏ô‡∏ó‡∏≥‡∏Ñ‡∏ß‡∏≤‡∏°‡∏™‡∏∞‡∏≠‡∏≤‡∏î 25 ‡∏Ñ‡∏ô‡∏Ñ‡πà‡∏≤‡∏≤",1
40,‡πÄ‡∏û‡∏∑‡πà‡∏≠‡∏ô‡πÜ‡∏û‡∏ô.‡∏´‡∏•‡∏±‡∏á‡πÄ‡∏•‡∏¥‡∏Å‡∏Ñ‡∏≠‡∏°‡∏ã‡∏¥‡∏™‡∏Ç‡∏≠‡πÅ‡∏£‡∏á‡∏Ñ‡∏ô‡∏ó‡∏µ‡πà‡πÑ‡∏°‡πà‡∏°‡∏µ‡πÄ‡∏£‡∏µ‡∏¢‡∏ô‡∏ö‡πà‡∏≤‡∏¢‡πÑ‡∏õ‡∏ä‡πà‡∏ß‡∏¢‡πÄ‡∏£‡∏≤‡∏ó‡∏≥‡∏Ñ‡∏ß‡∏≤‡∏°‡∏™‡∏∞‡∏≠‡∏≤‡∏î‡∏´‡πâ‡∏≠‡∏á‡∏†‡∏≤‡∏Ñ‡∏´‡∏ô‡πà‡∏≠‡∏¢‡∏ô‡πâ‡∏≤ üòÉ,1
41,‡πÄ‡∏û‡∏∑‡πà‡∏≠‡∏ô‡πÜ ‡∏à‡∏≤‡∏£ prop/stat ‡∏ö‡∏≠‡∏Å‡∏ß‡πà‡∏≤‡∏ß‡∏±‡∏ô‡∏û‡∏§‡∏´‡∏±‡∏™‡∏á‡∏î‡∏ô‡∏∞  ‡∏™‡πà‡∏ß‡∏ô‡πÅ‡∏•‡∏õ‡∏ß‡∏±‡∏ô‡∏®‡∏∏‡∏Å‡∏£‡πå‡∏Å‡πá‡πÄ‡∏£‡∏µ‡∏¢‡∏ô‡∏ï‡∏≤‡∏°‡∏õ‡∏Å‡∏ï‡∏¥‡πÄ‡∏ô‡πà‡∏≠,1
42,‡∏ñ‡∏∂‡∏á‡πÄ‡∏û‡∏∑‡πà‡∏≠‡∏ô‡πÜ‡∏ó‡∏∏‡∏Å‡∏Ñ‡∏ô ‡∏û‡∏ô.‡∏ñ‡πâ‡∏≤‡πÉ‡∏Ñ‡∏£‡πÑ‡∏°‡πà‡∏°‡∏µ‡πÄ‡∏£‡∏µ‡∏¢‡∏ô‡∏ö‡πà‡∏≤‡∏¢‡∏Å‡πá‡∏ß‡∏≤‡∏ô‡∏°‡∏≤‡∏ä‡πà‡∏ß‡∏¢‡∏Å‡∏±‡∏ô‡∏ó‡∏≥‡∏Ñ‡∏ß‡∏≤‡∏°‡∏™‡∏∞‡∏≠‡∏≤‡∏î‡∏´‡πâ‡∏≠‡∏á‡∏†‡∏≤‡∏Ñ‡∏Å‡∏±‡∏ô‡∏´‡∏ô‡πà‡∏≠‡∏¢‡∏ô‡∏∞ ‡πÄ‡∏î‡∏µ‡πã‡∏¢‡∏ß‡πÄ‡∏£‡∏≤‡∏à‡∏∞‡πÑ‡∏õ‡∏Å‡∏±‡∏ô‡∏´‡∏•‡∏±‡∏á‡πÄ‡∏•‡∏¥‡∏Å‡πÄ‡∏£‡∏µ‡∏¢‡∏ô‡∏Ñ‡∏≠‡∏°‡∏ã‡∏¥‡∏™‡∏ô‡∏∞ üòÑ,1
43,"‡∏ó‡∏≤‡∏á‡∏†‡∏≤‡∏Ñ‡∏à‡∏∞‡∏à‡πâ‡∏≤‡∏á‡∏Ñ‡∏ô‡∏°‡∏≤‡∏ó‡∏≥‡πÄ‡∏ß‡πá‡∏ö‡πÉ‡∏´‡∏°‡πà ‡πÄ‡∏•‡∏¢‡∏≠‡∏¢‡∏≤‡∏Å‡πÑ‡∏î‡πâ‡∏Ñ‡∏ß‡∏≤‡∏°‡πÄ‡∏´‡πá‡∏ô‡∏à‡∏≤‡∏Å‡πÄ‡∏û‡∏∑‡πà‡∏≠‡∏ô‡πÜ‡∏ß‡πà‡∏≤‡∏≠‡∏¢‡∏≤‡∏Å‡πÉ‡∏´‡πâ‡πÄ‡∏ß‡πá‡∏ö‡∏†‡∏≤‡∏Ñ‡∏°‡∏µ‡∏≠‡∏∞‡πÑ‡∏£‡∏ö‡πâ‡∏≤‡∏á
‡∏Å‡∏£‡∏≠‡∏Å‡πÑ‡∏î‡πâ‡∏ó‡∏µ‡πà‡∏•‡∏¥‡πâ‡∏á‡∏Ñ‡πå‡∏ô‡∏µ‡πâ‡πÄ‡∏•‡∏¢‡∏à‡πâ‡∏≤ >> https://docs.google.com/spreadsheets/d/1JnWASIrcQdeKHACe0J7oGjEVe_WHchNjFAweGqzXR4Y/edit?usp=drivesdk",1
44,‡∏ù‡∏≤‡∏Å‡πÑ‡∏õ‡∏ñ‡∏≤‡∏°‡πÄ‡∏û‡∏∑‡πà‡∏≠‡∏ô‡πÜ ‡∏´‡∏ô‡πà‡∏≠‡∏¢ ‡∏†‡∏≤‡∏Ñ‡∏à‡∏∞‡∏à‡πâ‡∏≤‡∏á‡∏Ñ‡∏ô‡∏°‡∏≤‡∏ó‡∏≥‡πÄ‡∏ß‡πá‡∏ö‡πÉ‡∏´‡∏°‡πà ‡∏ô‡∏¥‡∏™‡∏¥‡∏ï ‡∏ï‡πâ‡∏≠‡∏á‡∏Å‡∏≤‡∏£‡πÉ‡∏´‡πâ‡πÄ‡∏ß‡πá‡∏ö‡∏†‡∏≤‡∏Ñ‡∏°‡∏µ‡∏≠‡∏∞‡πÑ‡∏£‡∏ö‡πâ‡∏≤‡∏á,1
45,SE ‡∏≠ ‡∏ù‡∏≤‡∏Å‡πÄ‡∏≠‡∏Å‡∏™‡∏≤‡∏£‡∏°‡∏≤‡πÉ‡∏´‡πâ ‡πÄ‡∏õ‡πá‡∏ô‡πÄ‡∏≠‡∏Å‡∏™‡∏≤‡∏£‡∏≠‡πà‡∏≤‡∏ô‡∏õ‡∏£‡∏∞‡∏Å‡∏≠‡∏ö ‡πÄ‡∏Å‡∏µ‡πà‡∏¢‡∏ß‡∏Å‡∏±‡∏ö Software requirement,1
46,‡πÅ‡∏à‡πâ‡∏á‡πÄ‡∏û‡∏¥‡πà‡∏°‡πÄ‡∏ï‡∏¥‡∏°‡∏™‡πà‡∏á‡∏Ç‡πà‡∏≤‡∏ß‡πÄ‡∏û‡∏∑‡πà‡∏≠‡∏ô‡πÜ ‡∏î‡πâ‡∏ß‡∏¢ ‡πÉ‡∏Ñ‡∏£‡∏ï‡∏¥‡∏î‡πÄ‡∏£‡∏µ‡∏¢‡∏ô ‡∏ï‡∏≠‡∏ô‡πÄ‡∏ó‡∏µ‡πà‡∏¢‡∏á‡∏Å‡πá‡∏°‡∏≤‡∏ó‡∏≤‡∏ô‡∏Å‡∏•‡∏≤‡∏á‡∏ß‡∏±‡∏ô‡∏ô‡∏∞ ‡∏°‡∏µ‡∏£‡∏≤‡∏î‡∏´‡∏ô‡πâ‡∏≤‡∏´‡∏°‡∏π ‡∏Å‡∏±‡∏ö ‡∏Å‡πã‡∏ß‡∏¢‡πÄ‡∏ï‡∏µ‡πä‡∏¢‡∏ß‡∏•‡∏π‡∏Å‡∏ä‡∏¥‡πâ‡∏ô‡∏õ‡∏•‡∏≤ ‡∏™‡∏≥‡∏´‡∏£‡∏±‡∏ö‡∏ô‡∏¥‡∏™‡∏¥‡∏ï‡∏†‡∏≤‡∏Ñ‡∏Ø,1
47,‡∏õ‡∏£‡∏∞‡∏Å‡∏≤‡∏®‡∏¢‡πâ‡∏≥‡πÜ‡∏ô‡∏∞‡∏Ñ‡∏∞ SE ‡πÄ‡∏õ‡∏•‡∏µ‡πà‡∏¢‡∏ô‡∏´‡πâ‡∏≠‡∏á‡πÄ‡∏£‡∏µ‡∏¢‡∏ô ‡∏ï‡∏±‡πâ‡∏á‡πÅ‡∏ï‡πà‡∏ß‡∏±‡∏ô‡∏ó‡∏µ‡πà 29 ‡∏°‡∏Å‡∏£‡∏≤‡∏Ñ‡∏° ‡∏à‡∏≤‡∏Å TAB 221 ‡πÄ‡∏õ‡πá‡∏ô ‡∏ï‡∏∂‡∏Å‡∏°‡∏´‡∏≤‡∏ß‡∏ä‡∏¥‡∏£‡∏∏‡∏ì‡∏´‡∏¥‡∏ï(‡∏ï‡∏∂‡∏Å‡∏†‡∏≤‡∏Ñ) 809/3 ‡∏à‡πâ‡∏∞,1
48,"‡∏ß‡∏±‡∏ô‡∏û‡∏∏‡∏ò‡∏ó‡∏µ‡πà 30 ‡∏°‡∏Å‡∏£‡∏≤‡∏Ñ‡∏° 2562  ‡∏ï‡∏±‡πâ‡∏á‡πÅ‡∏ï‡πà ‡πÄ‡∏ß‡∏•‡∏≤ 10.00 ‡∏ô. ‡∏ì ‡∏´‡πâ‡∏≠‡∏á 408/13   ‡∏ä‡∏±‡πâ‡∏ô 4 ‡∏≠‡∏≤‡∏Ñ‡∏≤‡∏£‡∏°‡∏´‡∏≤‡∏ß‡∏ä‡∏¥‡∏£‡∏∏‡∏ì‡∏´‡∏¥‡∏®
‡∏Å‡∏≥‡∏´‡∏ô‡∏î‡∏Å‡∏≤‡∏£
‡πÄ‡∏ß‡∏•‡∏≤ 10.00 ‡∏ô.  ‡∏•‡∏á‡∏ó‡∏∞‡πÄ‡∏ö‡∏µ‡∏¢‡∏ô
‡πÄ‡∏ß‡∏•‡∏≤ 10.20 ‡∏ô.  ‡∏û‡∏£‡∏∞‡∏™‡∏á‡∏Ü‡πå‡∏°‡∏≤‡∏ñ‡∏∂‡∏á‡∏™‡∏ñ‡∏≤‡∏ô‡∏ó‡∏µ‡πà‡∏à‡∏±‡∏î‡∏á‡∏≤‡∏ô
‡πÄ‡∏ß‡∏•‡∏≤ 10.30 ‡∏ô.  ‡∏õ‡∏£‡∏∞‡∏ò‡∏≤‡∏ô‡∏à‡∏∏‡∏î‡∏ò‡∏π‡∏õ‡πÄ‡∏ó‡∏µ‡∏¢‡∏ô‡∏ö‡∏π‡∏ä‡∏≤‡∏û‡∏£‡∏∞‡∏£‡∏±‡∏ï‡∏ô‡∏ï‡∏£‡∏±‡∏¢ ‡∏û‡∏£‡∏∞‡∏™‡∏á‡∏Ü‡πå‡πÄ‡∏à‡∏£‡∏¥‡∏ç‡∏û‡∏£‡∏∞‡∏û‡∏∏‡∏ó‡∏ò‡∏°‡∏ô‡∏ï‡πå
‡πÄ‡∏ß‡∏•‡∏≤ 11.00 ‡∏ô.  ‡∏Å‡∏•‡πà‡∏≤‡∏ß‡∏Ñ‡∏≥‡∏ñ‡∏ß‡∏≤‡∏¢‡∏™‡∏±‡∏á‡∏Ü‡∏ó‡∏≤‡∏ô‡πÅ‡∏•‡∏∞‡∏ñ‡∏ß‡∏≤‡∏¢‡∏†‡∏±‡∏ï‡∏ï‡∏≤‡∏´‡∏≤‡∏£‡πÄ‡∏û‡∏•
‡πÄ‡∏ß‡∏•‡∏≤ 11.30 ‡∏ô.  ‡∏ñ‡∏ß‡∏≤‡∏¢‡∏à‡∏ï‡∏∏‡∏õ‡∏±‡∏à‡∏à‡∏±‡∏¢‡πÄ‡∏Ñ‡∏£‡∏∑‡πà‡∏≠‡∏á‡πÑ‡∏ó‡∏¢‡∏ò‡∏£‡∏£‡∏°‡πÅ‡∏î‡πà‡∏û‡∏£‡∏∞‡∏™‡∏á‡∏Ü‡πå ‡∏û‡∏£‡∏∞‡∏™‡∏á‡∏Ü‡πå‡πÉ‡∏´‡πâ‡πÇ‡∏≠‡∏ß‡∏≤‡∏ó‡πÅ‡∏•‡∏∞‡πÉ‡∏´‡πâ‡∏û‡∏£ ‡∏õ‡∏£‡∏∞‡∏û‡∏£‡∏°‡∏ô‡πâ‡∏≥‡∏û‡∏£‡∏∞‡∏û‡∏∏‡∏ó‡∏ò‡∏°‡∏ô‡∏ï‡πå
‡πÄ‡∏ß‡∏•‡∏≤ 12.00 ‡∏ô.  ‡∏Ç‡∏≠‡πÄ‡∏ä‡∏¥‡∏ç‡∏ú‡∏π‡πâ‡∏£‡πà‡∏ß‡∏°‡∏á‡∏≤‡∏ô‡∏£‡∏±‡∏ö‡∏õ‡∏£‡∏∞‡∏ó‡∏≤‡∏ô‡∏≠‡∏≤‡∏´‡∏≤‡∏£‡∏£‡πà‡∏ß‡∏°‡∏Å‡∏±‡∏ô",1
49,‡∏≠‡∏¢‡πà‡∏≤‡∏•‡∏∑‡∏°‡πÄ‡∏ï‡∏∑‡∏≠‡∏ô‡πÄ‡∏û‡∏∑‡πà‡∏≠‡∏ô‡πÜ ‡∏ô‡∏∞  ‡πÉ‡∏Ñ‡∏£‡∏ß‡πà‡∏≤‡∏á‡∏°‡∏≤‡∏£‡πà‡∏ß‡∏°‡∏á‡∏≤‡∏ô‡∏ó‡∏≥‡∏ö‡∏∏‡∏ç‡∏†‡∏≤‡∏Ñ‡∏Ø ‡∏ß‡∏±‡∏ô‡∏û‡∏∏‡∏ò‡∏ó‡∏µ‡πà 30 ‡∏û.‡∏¢. ‡πÄ‡∏ß‡∏•‡∏≤ 10.00 ‡∏ô. ‡∏ó‡∏µ‡πà‡∏ä‡∏±‡πâ‡∏ô 4 ‡∏ï‡∏∂‡∏Å‡∏†‡∏≤‡∏Ñ‡∏ß‡∏¥‡∏ä‡∏≤‡∏Ø ‡∏ô‡∏∞ ‡πÅ‡∏•‡∏∞‡∏°‡∏µ‡∏≠‡∏≤‡∏´‡∏≤‡∏£‡∏Å‡∏•‡∏≤‡∏á‡∏ß‡∏±‡∏ô‡πÄ‡∏•‡∏µ‡πâ‡∏¢‡∏á‡πÉ‡∏ï‡πâ‡∏ï‡∏∂‡∏Å‡πÄ‡∏´‡∏°‡∏∑‡∏≠‡∏ô‡πÄ‡∏î‡∏¥‡∏°‡∏à‡πâ‡∏≤,1
50,‡∏õ‡∏£‡∏∞‡∏Å‡∏≤‡∏® SE ‡πÄ‡∏õ‡∏•‡∏µ‡πà‡∏¢‡∏ô‡∏´‡πâ‡∏≠‡∏á‡πÄ‡∏£‡∏µ‡∏¢‡∏ô ‡∏ï‡∏±‡πâ‡∏á‡πÅ‡∏ï‡πà‡∏ß‡∏±‡∏ô‡∏ó‡∏µ‡πà 29 ‡∏°‡∏Å‡∏£‡∏≤‡∏Ñ‡∏° ‡∏à‡∏≤‡∏Å TAB 221 ‡πÄ‡∏õ‡πá‡∏ô ‡∏ï‡∏∂‡∏Å‡∏°‡∏´‡∏≤‡∏ß‡∏ä‡∏¥‡∏£‡∏∏‡∏ì‡∏´‡∏¥‡∏ï(‡∏ï‡∏∂‡∏Å‡∏†‡∏≤‡∏Ñ) 809/3 ‡∏à‡πâ‡∏∞,1
51,"‡∏õ‡∏£‡∏∞‡∏ä‡∏∏‡∏°‡∏™‡∏≤‡∏°‡∏±‡∏ç‡∏Ç‡∏≠‡∏á‡∏™‡∏°‡∏≤‡∏Ñ‡∏°‡πÄ‡∏¢‡∏≤‡∏ß‡∏ä‡∏ô‡∏™‡∏ï‡∏≤‡∏£‡πå‡∏ó‡∏≠‡∏±‡∏û 
‡∏ß‡∏±‡∏ô‡∏≠‡∏≤‡∏ó‡∏¥‡∏ï‡∏¢‡πå‡∏ó‡∏µ‡πà 14 ‡∏Å.‡∏Ñ. 62 
‡πÄ‡∏ß‡∏•‡∏≤ 13:00 - 16:00 ‡∏ô. 
‡∏™‡∏ñ‡∏≤‡∏ô‡∏ó‡∏µ‡πà True space Siam (Soi 2)",1
52,‡∏™‡∏ñ‡∏≤‡∏ô‡∏ó‡∏µ‡πà‡∏õ‡∏£‡∏∞‡∏ä‡∏∏‡∏°‡πÑ‡∏î‡πâ‡πÄ‡∏õ‡πá‡∏ô True Space ‡∏™‡∏¢‡∏≤‡∏°‡∏ã‡∏≠‡∏¢ 2 ‡∏ô‡∏∞‡∏Ñ‡∏£‡∏±‡∏ö,1
53,‡∏™‡∏£‡∏∏‡∏õ‡∏ô‡∏±‡∏î‡∏õ‡∏£‡∏∞‡∏ä‡∏∏‡∏°‡∏™‡∏≤‡∏°‡∏±‡∏ç‡∏Ç‡∏≠‡∏á‡∏™‡∏°‡∏≤‡∏Ñ‡∏°‡πÄ‡∏õ‡πá‡∏ô‡∏ß‡∏±‡∏ô‡∏ó‡∏µ‡πà 14 ‡∏Å‡∏Ñ ‡∏ô‡∏µ‡πâ‡∏ô‡πâ‡∏≤ ‡πÉ‡∏Ñ‡∏£‡∏°‡∏≤‡∏£‡πà‡∏ß‡∏°‡πÑ‡∏°‡πà‡πÑ‡∏î‡πâ‡∏ö‡πâ‡∏≤‡∏á,1
54,"‡∏®‡∏∂‡∏Å‡∏õ‡∏£‡∏∞‡∏ä‡∏±‡∏ô‡∏Ñ‡∏ß‡∏≤‡∏°‡πÄ‡∏Å‡πã‡∏≤‡∏î‡∏ß‡∏ô‡∏õ‡∏∑‡∏ôlaser ‡∏Ç‡∏≠‡∏á Startup Community ‡∏ó‡∏±‡πà‡∏ß‡∏õ‡∏£‡∏∞‡πÄ‡∏ó‡∏®! 
‡∏£‡∏ß‡∏°‡∏ó‡∏µ‡∏°‡πÉ‡∏ô‡∏´‡∏£‡∏∑‡∏≠‡∏ô‡∏≠‡∏Å‡∏°‡∏´‡∏≤‡∏•‡∏±‡∏¢‡∏Å‡πá‡πÑ‡∏î‡πâ‡∏ó‡∏µ‡∏°‡∏•‡∏∞5‡∏Ñ‡∏ô ( ‡∏≠‡∏≤‡∏¢‡∏∏ 17-25 ‡∏õ‡∏µ)
‡∏à‡∏≥‡∏ô‡∏ß‡∏ô‡∏à‡∏≥‡∏Å‡∏±‡∏î ‡∏£‡∏±‡∏ö‡πÄ‡∏û‡∏µ‡∏¢‡∏á 8 ‡∏ó‡∏µ‡∏°‡πÄ‡∏ó‡πà‡∏≤‡∏ô‡∏±‡πâ‡∏ô (‡∏Ñ‡πà‡∏≤‡πÄ‡∏Ç‡πâ‡∏≤‡∏£‡πà‡∏ß‡∏°‡∏á‡∏≤‡∏ô‡∏Ñ‡∏ô‡∏•‡∏∞555‡∏ö‡∏≤‡∏ó ‡πÄ‡∏•‡πà‡∏ô‡πÑ‡∏î‡πâ‡∏ó‡∏±‡πâ‡∏á‡∏ß‡∏±‡∏ô ‡∏õ‡∏Å‡∏ï‡∏¥‡∏Ñ‡∏ô‡∏•‡∏∞799‡∏ö‡∏≤‡∏ó)
‡∏°‡∏µ‡∏ô‡πâ‡∏≥‡∏Ç‡∏ô‡∏°‡πÅ‡∏•‡∏∞‡∏ö‡∏≠‡∏£‡πå‡∏î‡πÄ‡∏Å‡∏°‡πÉ‡∏´‡πâ‡∏Å‡∏¥‡∏ô‡πÅ‡∏•‡∏∞‡πÄ‡∏•‡πà‡∏ô‡∏ï‡∏•‡∏≠‡∏î‡∏á‡∏≤‡∏ô
‡∏ó‡∏µ‡∏°‡∏ó‡∏µ‡πà‡πÅ‡∏Ç‡πá‡∏á‡πÅ‡∏Å‡∏£‡πà‡∏á‡∏ó‡∏µ‡πà‡∏™‡∏∏‡∏î ‡∏£‡∏±‡∏ö‡∏£‡∏≤‡∏á‡∏ß‡∏±‡∏•‡πÑ‡∏õ‡πÄ‡∏•‡∏¢‡πÄ‡∏á‡∏¥‡∏ô‡∏™‡∏î‡∏°‡∏π‡∏•‡∏Ñ‡πà‡∏≤ 1,000 ‡∏ö‡∏≤‡∏ó (‡∏î‡πà‡∏≤‡∏ô‡∏™‡∏∏‡∏î‡∏ó‡πâ‡∏≤‡∏¢‡∏ä‡∏ô‡∏∞‡∏ö‡∏≠‡∏™‡πÑ‡∏î‡πâ‡∏£‡∏±‡∏ö‡πÑ‡∏õ‡∏≠‡∏µ‡∏Å 1,000 ‡∏ö‡∏≤‡∏ó)
‡∏ß‡∏≤‡∏á‡πÅ‡∏ú‡∏ô‡∏ò‡∏∏‡∏£‡∏Å‡∏¥‡∏à ‡πÅ‡∏•‡πâ‡∏ß‡∏°‡∏≤‡∏à‡∏±‡∏ö‡∏õ‡∏∑‡∏ô‡∏™‡∏≤‡∏î‡∏Å‡∏£‡∏∞‡∏™‡∏∏‡∏ô‡∏Å‡∏±‡∏ô‡πÑ‡∏î‡πâ‡πÄ‡∏•‡∏¢ 
‡∏ß‡∏±‡∏ô‡∏ó‡∏µ‡πà : 25 ‡∏™‡∏¥‡∏á‡∏´‡∏≤‡∏Ñ‡∏° 2562  13.00 - 22.00 ‡∏ô.",1
55,FYI ‡∏•‡πà‡∏≤‡∏™‡∏∏‡∏î‡∏û‡∏µ‡πà‡πÅ‡∏´‡∏°‡πà‡∏°‡πÄ‡∏û‡∏¥‡πà‡∏á‡∏ó‡∏±‡∏Å‡∏°‡∏≤‡πÄ‡∏°‡∏∑‡πà‡∏≠‡∏Å‡∏µ‡πâ ‡∏´‡∏•‡∏±‡∏á‡∏à‡∏≤‡∏Å‡πÑ‡∏°‡πà‡∏ï‡∏≠‡∏ö‡πÅ‡∏ä‡∏ó‡∏°‡∏≤‡πÄ‡∏õ‡πá‡∏ô‡πÄ‡∏î‡∏∑‡∏≠‡∏ô ‡πÅ‡∏Å‡∏ö‡∏≠‡∏Å‡∏ß‡πà‡∏≤‡∏°‡∏∑‡∏≠‡∏ñ‡∏∑‡∏≠‡πÄ‡∏™‡∏µ‡∏¢ + ‡∏Å‡∏≥‡∏•‡∏±‡∏á‡∏õ‡∏£‡∏∞‡∏™‡∏≤‡∏ô‡∏á‡∏≤‡∏ô‡∏ï‡πà‡∏≠‡∏Å‡∏±‡∏ö‡πÄ‡∏£‡∏∑‡πà‡∏≠‡∏á‡∏ó‡∏µ‡πà‡∏Ñ‡πâ‡∏≤‡∏á‡∏´‡∏•‡∏≤‡∏¢‡πÄ‡∏£‡∏∑‡πà‡∏≠‡∏á‡∏•,0
56,‡∏ô‡πà‡∏≤‡∏à‡∏∞‡πÑ‡∏î‡πâ‡∏™‡∏õ‡∏≠‡∏ô‡πÄ‡∏Ç‡πâ‡∏≤ Leader Camp ‡∏î‡πâ‡∏ß‡∏¢,0
57,‡∏à‡∏£‡∏¥‡∏á‡πÜ‡∏ñ‡πâ‡∏≤‡∏£‡∏ß‡∏°‡∏Ñ‡πà‡∏≤‡∏à‡∏î‡∏™‡∏°‡∏≤‡∏Ñ‡∏°‡∏ó‡∏µ‡πà‡∏ï‡πà‡∏≤‡∏á‡∏Ñ‡∏ô‡∏ï‡πà‡∏≤‡∏á‡∏≠‡∏≠‡∏Å‡∏≠‡∏µ‡∏Å‡∏Å‡πá‡∏™‡∏±‡∏Å 5 ‡∏û‡∏±‡∏ô‡∏£‡∏ß‡∏°‡πÜ‡πÑ‡∏ß‡πâ ‡∏°‡∏´‡∏≤‡∏®‡∏≤‡∏•‡∏≠‡∏¢‡∏π‡πà‡πÇ‡∏î‡∏¢‡πÄ‡∏â‡∏û‡∏≤‡∏∞‡πÄ‡∏£‡∏≤‡πÄ‡∏î‡∏¥‡∏ô‡∏ó‡∏≤‡∏á‡πÑ‡∏õ‡∏à‡∏î‡∏ó‡∏∞‡πÄ‡∏ö‡∏µ‡∏¢‡∏ô‡πÄ‡∏≠‡∏á ‡πÄ‡∏î‡∏¥‡∏ô‡∏ó‡∏≤‡∏á‡πÄ‡∏õ‡πá‡∏ô‡∏û‡∏±‡∏ô ‡∏Ñ‡πà‡∏≤‡∏à‡∏î‡∏≠‡∏≠‡∏Å‡πÑ‡∏õ‡∏Ñ‡∏ô‡∏•‡∏∞ 500 ‡∏ï‡∏≠‡∏ô‡∏ô‡∏±‡πâ‡∏ô‡∏Ñ‡∏∑‡∏ô‡πÅ‡∏ï‡πà‡∏•‡∏∞‡∏Ñ‡∏ô‡∏î‡πâ‡∏ß‡∏¢ ‡∏≠‡∏∞‡πÑ‡∏£‡∏û‡∏ß‡∏Å‡∏ô‡∏µ‡πâ‡πÄ‡∏Ñ‡∏•‡∏µ‡∏¢‡∏£‡∏∑‡∏Å‡∏±‡∏ô‡∏ó‡∏µ‡πÄ‡∏î‡∏µ‡∏¢‡∏ß‡∏ï‡∏≠‡∏ô‡πÄ‡∏á‡∏¥‡∏ô‡πÄ‡∏´‡∏•‡∏∑‡∏≠,0
58,‡πÉ‡∏Ñ‡∏£‡∏°‡∏µ‡∏ö‡∏£‡∏¥‡∏©‡∏±‡∏ó‡πÅ‡∏ô‡∏∞‡∏ô‡∏≥‡πÉ‡∏´‡πâ‡∏ä‡πà‡∏ß‡∏¢‡∏ö‡∏≠‡∏Å‡∏Å‡∏±‡∏ô‡∏î‡πâ‡∏ß‡∏¢‡∏à‡∏∞‡πÑ‡∏î‡πâ‡∏ä‡πà‡∏ß‡∏¢‡∏Å‡∏±‡∏ô‡∏ï‡∏¥‡∏î‡∏ï‡πà‡∏≠,1
59,‡∏ï‡∏≠‡∏ô‡∏ô‡∏µ‡πâ Leader Camp ‡∏°‡∏µ‡∏õ‡∏±‡∏ç‡∏´‡∏≤‡πÄ‡∏£‡∏∑‡πà‡∏≠‡∏á‡∏™‡∏õ‡∏≠‡∏ô ‡πÑ‡∏î‡πâ‡∏°‡∏≤ 150 / 350 K ‡∏ó‡∏µ‡πà‡∏ô‡πâ‡∏≠‡∏á‡πÜ‡∏≠‡∏¢‡∏≤‡∏Å‡πÑ‡∏î‡πâ,0
60,‡∏≠‡∏¢‡πà‡∏≤‡∏á‡∏ô‡πâ‡∏≠‡∏¢‡πÜ‡∏ï‡∏±‡∏ß‡∏´‡∏•‡∏±‡∏Å‡∏Å‡πá‡∏ô‡πà‡∏≤‡∏à‡∏∞‡∏°‡∏≤ 5/6 ‡∏Ñ‡∏ô + ‡∏ú‡∏π‡πâ‡∏î‡∏π‡πÅ‡∏•‡πÇ‡∏Ñ‡∏£‡∏á‡∏Å‡∏≤‡∏£‡∏õ‡∏à‡∏ö‡∏ó‡∏µ‡πà‡∏™‡∏≤‡∏°‡∏≤‡∏£‡∏ñ‡∏£‡∏≤‡∏¢‡∏á‡∏≤‡∏ô‡∏™‡∏ñ‡∏≤‡∏ô‡∏Å‡∏≤‡∏£‡∏ì‡πå‡∏ó‡∏±‡πâ‡∏á‡∏´‡∏°‡∏î‡πÅ‡∏•‡∏∞‡∏£‡∏±‡∏ö‡∏Ñ‡∏≥‡πÅ‡∏ô‡∏∞‡∏ô‡∏≥‡πÑ‡∏õ‡∏ó‡∏≥‡∏ï‡πà‡∏≠‡πÑ‡∏î‡πâ,0
61,‡πÄ‡∏≠‡∏≤‡∏ó‡∏µ‡πà‡∏™‡∏≤‡∏°‡∏≤‡∏£‡∏ñ‡πÄ‡∏Ç‡πâ‡∏≤‡πÑ‡∏î‡πâ‡∏°‡∏≤‡∏Å‡∏Å‡∏ß‡πà‡∏≤ 70% ‡∏Å‡πá‡πÑ‡∏î‡πâ‡∏ô‡∏∞ ‡∏ñ‡πâ‡∏≤‡∏°‡∏±‡∏ô‡∏Ñ‡∏£‡∏ö‡πÑ‡∏°‡πà‡πÑ‡∏î‡πâ‡∏à‡∏£‡∏¥‡∏á‡πÜ,1
62," ‡πÄ‡∏™‡∏≤‡∏£‡πå ‡πÄ‡∏´‡πá‡∏ô‡∏ß‡πà‡∏≤‡πÄ‡∏à‡∏°‡∏™‡πå‡∏°‡∏µ‡∏á‡∏≤‡∏ô‡πÄ‡∏•‡∏µ‡πâ‡∏¢‡∏á ‡∏™‡πà‡∏ß‡∏ô‡∏û‡∏µ‡πà‡∏°‡∏µ talk ‡∏ó‡∏µ‡πà‡∏≠‡∏¥‡∏°‡πÅ‡∏û‡∏Ñ‡∏Ñ‡∏£‡∏±‡∏ö
‡∏ß‡∏±‡∏ô‡∏≠‡∏≤‡∏ó‡∏¥‡∏ï‡∏¢‡πå‡∏™‡πà‡∏ß‡∏ô‡∏ï‡∏±‡∏ß‡πÑ‡∏î‡πâ",0
63,‡∏Ç‡∏≠‡∏ô‡∏±‡∏î‡∏õ‡∏£‡∏∞‡∏ä‡∏∏‡∏°‡πÄ‡∏õ‡πá‡∏ô‡∏™ ‡∏´‡∏£‡∏∑‡∏≠‡∏≠‡∏≤ ‡∏´‡∏ô‡πâ‡∏≤ ‡∏°‡∏µ‡πÉ‡∏Ñ‡∏£‡πÑ‡∏°‡πà‡∏™‡∏∞‡∏î‡∏ß‡∏Å‡∏õ‡πâ‡∏∞‡∏Ñ‡∏∞,1
64,‡πÄ‡∏î‡∏µ‡πà‡∏¢‡∏ß‡∏Å‡∏∏‡∏Å‡∏∞‡πÄ‡∏ü‡∏£‡∏¥‡∏™‡∏à‡∏∞‡∏à‡∏±‡∏î‡∏á‡∏≤‡∏ô Yeah lazer community ‡∏ô‡∏∞,1
65,‡πÄ‡∏õ‡πá‡∏£ networking ‡πÉ‡∏´‡πâ‡πÑ‡∏î‡πâ‡∏°‡∏≤‡∏Ñ‡∏∏‡∏¢‡∏°‡∏≤‡∏™‡∏ô‡∏∏‡∏Å‡∏Å‡∏±‡∏ô,0
66,‡∏ï‡πâ‡∏≠‡∏á‡∏Å‡∏≤‡∏£‡∏≠‡∏µ‡∏Å 150 ‡πÄ‡∏ô‡∏∑‡πà‡∏≠‡∏á‡∏à‡∏≤‡∏Å‡∏à‡∏±‡∏î‡∏Ñ‡πâ‡∏≤‡∏á‡∏Ñ‡∏∑‡∏ô‡∏á‡∏ö‡∏õ‡∏£‡∏∞‡∏°‡∏≤‡∏ì‡∏™‡∏π‡∏á,0
67,‡πÉ‡∏´‡πâ‡∏™‡∏õ‡∏≠‡∏ô leader camp ‡∏≠‡∏¢‡πà‡∏≤‡∏á‡πÄ‡∏î‡∏µ‡∏¢‡∏ß 50k,0
68,Mfec ‡πÑ‡∏°‡πà‡∏™‡∏ô‡πÉ‡∏¢,0
69,‡∏™‡πà‡∏ß‡∏ô MFEC ‡πÑ‡∏î‡πâ‡πÄ‡∏á‡∏¥‡∏ô‡∏°‡∏≤‡∏Å‡πá‡∏à‡∏∞‡∏à‡∏±‡∏î‡∏™‡∏£‡∏£‡πÅ‡∏¢‡∏Å‡πÉ‡∏´‡πâ‡πÇ‡∏Ñ‡∏£‡∏á‡∏ó‡∏µ‡πà‡πÄ‡∏´‡∏•‡∏∑‡∏≠‡∏ó‡∏±‡πâ‡∏á‡∏´‡∏°‡∏î,0
70,‡πÄ‡∏î‡∏µ‡πã‡∏¢‡∏ß‡∏°‡∏≤‡∏Ñ‡∏∏‡∏¢‡∏ô‡∏∞‡∏ï‡∏¥‡∏î‡∏ò‡∏∏‡∏£‡∏∞‡∏≠‡∏¢‡∏π‡πà ‡∏û‡∏¥‡∏°‡∏û‡πå‡πÑ‡∏ß‡πâ‡∏õ‡∏£‡∏∞‡∏°‡∏≤‡∏ì‡∏ô‡∏µ‡πâ‡πÉ‡∏´‡πâ‡∏£‡∏π‡πâ‡∏Å‡∏±‡∏ô‡∏Ñ‡∏£‡πà‡∏≤‡∏ß‡πÜ,0
71,‡∏Ñ‡∏∑‡∏≠‡∏à‡∏∞‡∏ó‡∏≥‡πÇ‡∏Ñ‡∏£‡∏á‡∏Å‡∏≤‡∏£‡∏ä‡∏∑‡πà‡∏≠ Youth Founder ‡∏£‡∏ß‡∏°‡∏ö‡∏£‡∏¥‡∏©‡∏±‡∏ó‡∏ó‡∏µ‡πà‡∏Å‡πà‡∏≠‡∏ï‡∏±‡πâ‡∏á‡πÇ‡∏î‡∏¢‡πÄ‡∏¢‡∏≤‡∏ß‡∏ä‡∏ô‡∏≠‡∏≤‡∏¢‡∏∏‡πÑ‡∏°‡πà‡πÄ‡∏Å‡∏¥‡∏ô 24 / 28 ‡∏≠‡∏∞‡πÑ‡∏£‡∏õ‡∏£‡∏∞‡∏°‡∏≤‡∏ì‡∏ô‡∏µ‡πâ ‡πÅ‡∏•‡πâ‡∏ß‡∏ó‡∏≥‡∏û‡∏≠‡∏£‡πå‡∏ó‡∏ß‡πà‡∏≤‡∏°‡∏≤‡πÄ‡∏Ç‡πâ‡∏≤‡∏£‡πà‡∏ß‡∏°‡∏Å‡∏±‡∏ö‡πÄ‡∏£‡∏≤ ‡πÄ‡∏£‡∏≤‡∏à‡∏±‡∏î‡∏û‡∏¥‡∏ä‡∏ä‡∏¥‡πà‡∏á‡∏£‡∏ß‡∏°‡πÉ‡∏´‡πâ‡∏ô‡∏±‡∏Å‡∏•‡∏á‡∏ó‡∏∏‡∏ô,0
72,‡∏Ñ‡∏∑‡∏≠‡∏™‡∏¥‡πâ‡∏ô‡∏õ‡∏µ‡∏™‡πà‡∏ß‡∏ô‡∏ï‡∏±‡∏ß‡∏°‡∏µ‡πÅ‡∏ú‡∏ô‡∏Ñ‡∏•‡∏≠‡∏î‡πÇ‡∏Ñ‡∏£‡∏á‡∏Å‡∏≤‡∏£‡πÉ‡∏´‡∏°‡πà‡∏≠‡∏¢‡∏π‡πà‡πÅ‡∏•‡πâ‡∏ß ‡∏Å‡∏≥‡∏•‡∏±‡∏á‡∏à‡∏∞‡πÄ‡∏≠‡∏≤‡πÄ‡∏Ç‡πâ‡∏≤‡∏ó‡∏µ‡πà‡∏õ‡∏£‡∏∞‡∏ä‡∏∏‡∏°‡πÅ‡∏ï‡πà‡πÑ‡∏°‡πà‡πÑ‡∏î‡πâ‡∏õ‡∏£‡∏∞‡∏ä‡∏∏‡∏°‡∏™‡∏±‡∏Å‡∏ó‡∏µ,0
73,Update ‡∏™‡∏ñ‡∏≤‡∏ô‡∏Å‡∏≤‡∏£‡∏ì‡πå‡∏•‡πà‡∏≤‡∏™‡∏∏‡∏î,1
74,Leader Camp ‡πÑ‡∏î‡πâ‡∏™‡∏õ‡∏≠‡∏ô‡πÄ‡∏ã‡∏≠‡∏£‡πå‡∏à‡∏≤‡∏Å SET 1‡πÅ‡∏™‡∏ô‡∏ö‡∏≤‡∏ó / ‡∏£‡∏≠‡∏™‡πà‡∏á‡πÄ‡∏≠‡∏Å‡∏™‡∏≤‡∏£‡∏â‡∏ö‡∏±‡∏ö‡∏à‡∏£‡∏¥‡∏á‡∏ó‡∏≥‡πÄ‡∏£‡∏∑‡πà‡∏≠‡∏á‡∏ó‡∏µ‡πà SET ‡∏ï‡∏£‡∏á‡∏ô‡∏µ‡πâ‡πÉ‡∏Ñ‡∏£‡∏°‡∏µ‡∏õ‡∏£‡∏∞‡∏™‡∏ö‡∏Å‡∏≤‡∏£‡∏ì‡πå‡∏£‡∏±‡∏ö‡πÄ‡∏á‡∏¥‡∏ô SET ‡πÅ‡∏ô‡∏∞‡∏ô‡∏≥‡∏ô‡πâ‡∏≠‡∏á‡πÜ‡πÑ‡∏´‡∏°‡∏Ñ‡∏£‡∏±‡∏ö,1
75,"‡πÅ‡∏•‡∏∞‡πÄ‡∏£‡∏∑‡πà‡∏≠‡∏á‡∏î‡πà‡∏ß‡∏ô‡∏Ñ‡∏∑‡∏≠ MFEC ‡∏à‡∏∞‡∏Ç‡∏≠‡∏™‡∏ô‡∏±‡∏ö‡∏™‡∏ô‡∏∏‡∏ô‡∏™‡∏°‡∏≤‡∏Ñ‡∏°‡πÇ‡∏î‡∏¢‡πÉ‡∏´‡πâ‡πÄ‡∏õ‡πá‡∏ô‡πÄ‡∏á‡∏¥‡∏ô 200,000 ‡∏ö‡∏≤‡∏ó ‡πÅ‡∏ï‡πà‡∏≠‡∏¢‡∏≤‡∏Å‡πÑ‡∏î‡πâ‡∏Ñ‡∏≥‡∏ï‡∏≠‡∏ö‡∏ß‡πà‡∏≤‡πÄ‡∏£‡∏≤‡∏à‡∏∞‡πÉ‡∏´‡πâ‡∏≠‡∏∞‡πÑ‡∏£ MFEC ‡∏ö‡πâ‡∏≤‡∏á ‡∏Ç‡∏≠‡πÄ‡∏õ‡πá‡∏ô‡∏£‡∏∞‡∏¢‡∏∞‡∏¢‡∏≤‡∏ß ‡πÑ‡∏°‡πà‡πÄ‡∏≠‡∏≤‡∏™‡∏õ‡∏≠‡∏ô‡πÇ‡∏Ñ‡∏£‡∏á‡∏Å‡∏≤‡∏£‡πÄ‡∏î‡∏µ‡∏¢‡∏ß‡πÅ‡∏•‡πâ‡∏ß",0
76,‡∏á‡∏±‡πâ‡∏ô‡∏Å‡πá‡πÄ‡∏•‡∏∑‡πà‡∏≠‡∏ô‡∏Å‡∏≤‡∏£‡∏õ‡∏£‡∏∞‡∏ä‡∏∏‡∏°‡πÑ‡∏õ‡∏Å‡πà‡∏≠‡∏ô‡πÅ‡∏•‡πâ‡∏ß‡∏Å‡∏±‡∏ô‡∏ô‡∏∞‡∏Ñ‡πâ‡∏≤,1
77,‡πÑ‡∏ß‡πâ‡∏ô‡∏±‡∏î‡∏Å‡∏±‡∏ô‡πÉ‡∏´‡∏°‡πà‡πÄ‡∏î‡∏∑‡∏≠‡∏ô‡∏´‡∏ô‡πâ‡∏≤,0
78,‡πÄ‡∏à‡∏°‡∏™‡πå ‡∏Å‡∏±‡∏ö‡πÄ‡∏£‡∏≤ ‡∏°‡∏µ‡∏ó‡∏£‡∏¥‡∏õ‡∏ó‡∏≥‡∏ö‡∏∏‡∏ç‡∏ï‡πà‡∏≤‡∏á‡∏à‡∏±‡∏á‡∏´‡∏ß‡∏±‡∏î‡∏≠‡πà‡∏≤,0
79,‡πÄ‡∏™‡∏≤‡∏£‡πå‡∏ô‡∏µ‡πâ‡∏ß‡πà‡∏≤‡∏á‡∏Å‡∏±‡∏ô‡∏°‡∏±‡πâ‡∏¢,1
80,‡∏Ç‡∏≠‡∏ô‡∏±‡∏î‡∏õ‡∏£‡∏∞‡∏ä‡∏∏‡∏°‡∏™‡∏≤‡∏°‡∏±‡∏ç‡∏à‡πâ‡∏≤,1
81,‡∏ñ‡πâ‡∏≤‡πÄ‡∏Å‡∏¥‡∏î‡πÑ‡∏õ‡πÇ‡∏°‡πÄ‡∏î‡∏•‡∏û‡∏µ‡πà‡πÄ‡∏ï‡πä‡∏∞‡∏ö‡∏≠‡∏Å ‡πÅ‡∏•‡πâ‡∏ß‡∏™‡∏°‡∏≤‡∏ä‡∏¥‡∏Å‡πÄ‡∏Ç‡πâ‡∏≤‡∏°‡∏≤‡πÄ‡∏õ‡πá‡∏ô‡∏ö‡∏£‡∏¥‡∏©‡∏±‡∏ó‡∏ó‡∏µ‡πà‡πÄ‡∏à‡πâ‡∏≤‡∏Ç‡∏≠‡∏á‡∏ï‡∏±‡πâ‡∏á‡πÑ‡∏°‡πà‡πÄ‡∏Å‡∏¥‡∏ô‡∏Å‡∏µ‡πà‡∏õ‡∏µ ‡∏≠‡∏≤‡∏¢‡∏∏‡πÑ‡∏°‡πà‡πÄ‡∏Å‡∏¥‡∏ô‡πÄ‡∏ó‡πà‡∏≤‡∏ô‡∏µ‡πâ // ‡∏°‡∏µ‡∏ö‡∏£‡∏¥‡∏©‡∏±‡∏ó‡πÉ‡∏ô‡∏°‡∏∑‡∏≠‡∏™‡∏±‡∏Å 10 ‡πÄ‡∏à‡πâ‡∏≤ ‡πÄ‡∏Å‡πá‡∏ö stat ‡∏ó‡∏µ‡πà‡∏°‡∏≤‡∏Å‡∏Å‡∏ß‡πà‡∏≤‡∏ó‡∏µ‡πà‡πÄ‡∏£‡∏≤‡∏Ñ‡∏¥‡∏î‡πÑ‡∏ß‡πâ ‡πÄ‡∏õ‡πá‡∏ô‡∏°‡∏µ‡πÄ‡∏¢‡∏≤‡∏ß‡∏ä‡∏ô‡πÑ‡∏õ‡πÄ‡∏õ‡∏¥‡∏î‡∏ö‡∏£‡∏¥‡∏©‡∏±‡∏ó‡∏ó‡∏≥‡∏™‡∏ï‡∏≤‡∏£‡πå‡∏ó‡∏≠‡∏±‡∏û‡∏Å‡∏µ‡πà‡πÄ‡∏à‡πâ‡∏≤ ‡∏ó‡∏≥‡∏≠‡∏∞‡πÑ‡∏£‡∏ö‡πâ‡∏≤‡∏á ‡∏≠‡∏¥‡∏°‡πÅ‡∏û‡∏Ñ‡∏Å‡∏µ‡πà‡∏Ñ‡∏ô ‡∏ï‡∏£‡∏á‡∏ô‡∏µ‡πâ‡πà‡∏à‡∏∞‡∏ó‡∏≥‡πÉ‡∏´‡πâ‡πÄ‡∏£‡∏≤‡∏°‡∏µ‡∏≠‡∏≥‡∏ô‡∏≤‡∏à‡∏ï‡πà‡∏≠‡∏£‡∏≠‡∏á‡πÑ‡∏î‡πâ‡∏î‡∏µ‡∏Å‡∏ß‡πà‡∏≤ ‡∏Å‡∏µ‡πà‡∏°‡∏´‡∏≤‡∏•‡∏±‡∏¢ ‡πÄ‡∏Ç‡πâ‡∏≤‡∏á‡∏≤‡∏ô‡∏Å‡∏µ‡πà‡∏Ñ‡∏ô // ‡πÄ‡∏õ‡πá‡∏ô‡πÅ‡∏ö‡∏ö‡∏ó‡∏µ‡πà‡πÄ‡∏£‡∏≤‡∏Ñ‡∏¥‡∏î‡∏Å‡∏±‡∏ô‡∏≠‡∏¢‡∏π‡πà‡πÅ‡∏•‡πâ‡∏ß‡∏î‡πâ‡∏ß‡∏¢‡πÅ‡∏´‡∏•‡πà‡∏∞‡∏ß‡πà‡∏≤‡πÄ‡∏£‡∏≤‡∏î‡∏π‡∏ù‡∏±‡πà‡∏á ‡∏°‡∏´‡∏≤‡∏•‡∏±‡∏¢ + startup 2 ‡∏ù‡∏±‡πà‡∏á ‡πÅ‡∏ï‡πà‡∏¢‡∏±‡∏á‡πÑ‡∏°‡πà‡πÑ‡∏î‡πâ‡πÅ‡∏ï‡∏∞‡∏ù‡∏±‡πà‡∏á startup ‡πÄ‡∏ó‡πà‡∏≤‡πÑ‡∏´‡∏£‡πà // ‡∏≠‡∏≤‡∏à‡πÄ‡∏£‡∏¥‡πà‡∏°‡∏à‡∏≤‡∏Å‡∏Å‡∏≤‡∏£‡∏•‡∏á‡∏ó‡∏∞‡πÄ‡∏ö‡∏µ‡∏¢‡∏ô‡∏Ç‡πâ‡∏≠‡∏°‡∏π‡∏• ‡πÄ‡∏£‡∏≤‡πÄ‡∏Å‡πá‡∏ö data ‡∏Å‡∏±‡∏ô‡πÄ‡∏£‡∏¥‡πà‡∏°‡∏à‡∏≤‡∏Å‡∏ó‡∏µ‡πà‡∏£‡∏π‡πâ‡∏à‡∏±‡∏Å ‡πÅ‡∏•‡∏∞ ‡∏£‡∏±‡∏ö‡∏ó‡∏±‡πà‡∏ß‡πÑ‡∏õ ‡πÅ‡∏•‡πâ‡∏ß stat ‡∏ó‡∏µ‡πà‡πÑ‡∏î‡πâ‡πÄ‡∏≠‡∏≤‡πÑ‡∏õ‡∏Ñ‡∏∏‡∏¢‡∏Å‡∏±‡∏ö‡∏≠‡∏á‡∏Ñ‡πå‡∏Å‡∏£‡∏£‡∏±‡∏ê‡πÄ‡∏≠‡∏Å‡∏ä‡∏ô ‡πÑ‡∏î‡πâ‡πÄ‡∏á‡∏¥‡∏ô‡∏™‡∏ô‡∏±‡∏ö‡∏™‡∏ô‡∏∏‡∏ô‡∏õ‡∏£‡∏¥‡∏°‡∏≤‡∏ì‡∏ó‡∏µ‡πà‡πÑ‡∏°‡πà‡∏ï‡πâ‡∏≠‡∏á‡πÑ‡∏õ‡∏Ç‡∏≠‡∏™‡∏õ‡∏≠‡∏ô‡∏à‡∏±‡∏î‡∏á‡∏≤‡∏ô‡∏Å‡∏±‡∏ô‡∏ó‡∏±‡πâ‡∏á‡∏õ‡∏µ ‡∏°‡∏±‡∏ô‡∏Å‡πá‡πÇ‡∏≠‡πÄ‡∏Ñ‡∏ô‡∏∞,0
82,‡∏ñ‡πâ‡∏≤‡∏Ñ‡∏∏‡∏¢‡∏≠‡∏∞‡πÑ‡∏£‡∏Å‡∏±‡∏ö‡πÉ‡∏Ñ‡∏£‡πÉ‡∏ô‡∏ô‡∏≤‡∏° YEAH ‡πÄ‡∏≠‡∏≤‡∏°‡∏≤‡∏Ñ‡∏∏‡∏¢‡∏Å‡∏±‡∏ô‡πÉ‡∏ô‡∏Å‡∏£‡∏∏‡πä‡∏õ‡∏ô‡∏∞ ‡∏à‡∏∞‡πÑ‡∏î‡πâ‡πÑ‡∏°‡πà‡∏Ñ‡∏∏‡∏¢‡∏ã‡πâ‡∏≥‡∏Å‡∏±‡∏ô,0
83,‡∏û‡∏≠‡∏î‡∏µ‡πÑ‡∏õ‡πÄ‡∏à‡∏≠‡πÄ‡∏Ç‡∏≤‡πÉ‡∏ô‡∏á‡∏≤‡∏ô techsauce ‡πÅ‡∏•‡∏Å‡∏ô‡∏≤‡∏°‡∏ö‡∏±‡∏ï‡∏£‡∏°‡∏≤,0
84,‡πÄ‡∏Ç‡∏≤‡∏™‡πà‡∏á‡∏Ç‡πâ‡∏≠‡∏°‡∏π‡∏•‡∏°‡∏≤‡πÉ‡∏´‡πâ‡∏•‡∏∞‡∏Ç‡∏≠‡∏á shark tank,0
85,‡∏™‡∏£‡∏∏‡∏õ‡∏û‡∏ß‡∏Å‡πÄ‡∏£‡∏≤‡∏à‡∏∞‡πÑ‡∏î‡πâ‡∏õ‡∏£‡∏∞‡∏ä‡∏∏‡∏°‡∏ß‡∏±‡∏ô‡πÑ‡∏´‡∏ô‡∏Å‡∏±‡∏ô,1
86,‡∏£‡∏±‡∏ö‡∏£‡∏π‡πâ‡πÅ‡∏•‡πâ‡∏ß‡∏Ñ‡∏£‡∏±‡∏ö ‡πÄ‡∏´‡∏•‡∏∑‡∏≠‡πÄ‡∏£‡∏∑‡πà‡∏≠‡∏á‡πÑ‡∏ü‡∏ô‡∏≠‡∏•‡πÄ‡∏≠‡∏Å‡∏™‡∏≤‡∏£‡∏Ñ‡∏£‡∏±‡∏ö,0
87,‡∏ï‡∏¥‡∏î‡∏ï‡πà‡∏≠‡∏ú‡πà‡∏≤‡∏ô‡πÉ‡∏Ñ‡∏£‡∏ô‡∏∞‡∏Ç‡∏≠‡∏á‡∏°‡∏´‡∏¥‡∏î‡∏•‡∏ï‡∏≠‡∏ô‡∏ô‡∏µ‡πâ,0
88,Approve ‡∏£‡∏∞‡∏î‡∏±‡∏ö‡∏ô‡∏∂‡∏á‡πÅ‡∏•‡πâ‡∏ß‡∏Ñ‡∏£‡∏±‡∏ö‡∏û‡∏µ‡πà‡πÄ‡∏à‡∏°‡∏™‡πå ‡πÄ‡∏î‡∏µ‡πã‡∏¢‡∏ß‡∏û‡∏£‡∏∏‡πà‡∏á‡∏ô‡∏µ‡πâ‡∏à‡∏∞‡∏•‡∏≠‡∏á‡∏Ñ‡∏∏‡∏¢‡∏Å‡∏±‡∏ö‡∏ó‡∏µ‡∏°‡∏î‡∏π‡∏Ñ‡∏£‡∏±‡∏ö ‡∏ñ‡πâ‡∏≤‡∏°‡∏µ‡πÅ‡∏ô‡∏ß‡πÇ‡∏ô‡πâ‡∏°‡∏à‡∏∞‡πÄ‡∏õ‡∏•‡∏µ‡πà‡∏¢‡∏ô‡∏à‡∏∞‡πÅ‡∏Å‡πâ‡πÑ‡∏Ç‡∏Ñ‡∏£‡∏±‡∏ö,0
89,‡∏™‡∏ñ‡∏≤‡∏ô‡∏ó‡∏µ‡πà‡∏£‡∏∞‡∏ß‡∏±‡∏á‡∏°‡∏µ‡∏õ‡∏±‡∏ç‡∏´‡∏≤‡πÄ‡∏î‡πâ‡∏≠ ‡∏ñ‡πâ‡∏≤‡∏¢‡∏±‡∏á‡πÑ‡∏°‡πà‡πÑ‡∏î‡πâ approve ‡πÅ‡∏•‡πâ‡∏ß‡∏•‡∏á‡πÑ‡∏õ,0
90,"‡∏ô‡πâ‡∏≠‡∏á‡∏õ‡∏£‡∏¥‡∏°‡∏Ñ‡∏£‡∏±‡∏ö ‡∏û‡∏≠‡∏î‡∏µ‡∏û‡∏µ‡πà‡∏Å‡∏≥‡∏•‡∏±‡∏á‡∏ó‡∏≥‡∏ó‡∏∞‡πÄ‡∏ö‡∏µ‡∏¢‡∏ô‡∏™‡∏°‡∏≤‡∏Ñ‡∏°‡∏≠‡∏¢‡∏π‡πà ‡πÄ‡∏ó‡πà‡∏≤‡∏ó‡∏µ‡πà‡∏£‡∏¥‡∏™‡∏≠‡∏≠‡∏Å‡∏°‡∏≤ ‡∏°‡∏µ‡∏á‡∏≤‡∏ô 2018-2019 ‡∏õ‡∏£‡∏∞‡∏°‡∏≤‡∏ì 4 ‡∏£‡∏π‡∏õ‡πÅ‡∏ö‡∏ö‡∏á‡∏≤‡∏ô 2-3 ‡∏£‡∏≠‡∏ö‡∏¢‡πà‡∏≠‡∏¢‡∏ï‡πà‡∏≠‡∏á‡∏≤‡∏ô ‡∏£‡∏≤‡∏¢‡∏ä‡∏∑‡πà‡∏≠‡∏ó‡∏µ‡πà‡∏û‡∏µ‡πà‡∏™‡∏≤‡∏°‡∏≤‡∏£‡∏ñ Access ‡πÑ‡∏î‡πâ‡∏°‡∏µ‡πÄ‡∏û‡∏µ‡∏¢‡∏á Leader Camp 2018 ‡πÄ‡∏ó‡πà‡∏≤‡∏ô‡∏±‡πâ‡∏ô ‡∏Ç‡∏≠‡∏™‡∏≠‡∏ö‡∏ñ‡∏≤‡∏°‡∏£‡∏≤‡∏¢‡∏ä‡∏∑‡πà‡∏≠‡∏ó‡∏∞‡πÄ‡∏ö‡∏µ‡∏¢‡∏ô‡∏™‡∏°‡∏≤‡∏ä‡∏¥‡∏Å‡∏ó‡∏µ‡πà‡πÄ‡∏Ç‡πâ‡∏≤‡∏£‡πà‡∏ß‡∏°‡∏Å‡∏¥‡∏à‡∏Å‡∏£‡∏£‡∏° YEAH ‡πÉ‡∏ô‡∏°‡∏∑‡∏≠‡∏ô‡πâ‡∏≠‡∏á‡∏õ‡∏£‡∏¥‡∏°‡∏´‡∏ô‡πà‡∏≠‡∏¢‡∏Ñ‡∏£‡∏±‡∏ö  

YEAH
- Young Passionate Program
- Boost camp 2018/ Game of founder 2019
- Young Startup leader Camp
- Meetup (3 times)",0
91,‡∏°‡∏µ‡∏≠‡∏µ‡∏Å‡∏ä‡πà‡∏ß‡∏á‡∏ó‡∏µ‡πà‡πÄ‡∏™‡∏ô‡∏≠‡∏Ñ‡∏∑‡∏≠ ‡∏´‡∏¢‡∏∏‡∏î‡∏¢‡∏≤‡∏ß‡∏Å‡∏•‡∏≤‡∏á‡πÄ‡∏î‡∏∑‡∏≠‡∏ô‡∏´‡∏ô‡πâ‡∏≤,0
92,22 ‡πÑ‡∏°‡πà‡πÑ‡∏î‡πâ‡∏ï‡∏≠‡∏ô 1.30 pm - 4.30 pm ‡∏Å‡πà‡∏≠‡∏ô‡∏´‡∏£‡∏∑‡∏≠‡∏´‡∏•‡∏±‡∏á‡∏à‡∏≤‡∏Å‡∏ô‡∏µ‡πâ‡πÑ‡∏î‡πâ,0
93,‡∏õ‡∏£‡∏∞‡∏ä‡∏∏‡∏°‡∏™‡∏≤‡∏°‡∏±‡∏ç ‡∏Å‡∏£‡∏£‡∏°‡∏Å‡∏≤‡∏£‡∏Ñ‡∏ß‡∏£‡πÄ‡∏Ç‡πâ‡∏≤‡∏ó‡∏∏‡∏Å‡∏Ñ‡∏ô‡∏ô‡∏∞ ‡∏á‡∏±‡πâ‡∏ô‡∏à‡∏∞‡∏™‡∏£‡∏∏‡∏õ‡πÄ‡∏£‡∏∑‡πà‡∏≠‡∏á‡∏ß‡∏±‡∏ô‡∏õ‡∏£‡∏∞‡∏ä‡∏∏‡∏°‡πÅ‡∏•‡πâ‡∏ß‡∏ô‡πâ‡∏≤ ‡πÄ‡∏û‡∏£‡∏≤‡∏∞‡∏ï‡πâ‡∏≠‡∏á‡∏ô‡∏±‡∏î‡∏•‡πà‡∏ß‡∏á‡∏´‡∏ô‡πâ‡∏≤ 7 ‡∏ß‡∏±‡∏ô,1
94,"‡πÄ‡∏£‡∏∑‡πà‡∏≠‡∏á ‡∏Ç‡∏≠‡∏ô‡∏±‡∏î‡∏õ‡∏£‡∏∞‡∏ä‡∏∏‡∏°‡∏™‡∏≤‡∏°‡∏±‡∏ç‡∏õ‡∏£‡∏∞‡∏à‡∏≥‡∏õ‡∏µ
‡∏Ç‡∏≠‡∏™‡∏≠‡∏ö‡∏ñ‡∏≤‡∏°‡∏ß‡∏±‡∏ô‡∏ó‡∏µ‡πà‡∏™‡∏∞‡∏î‡∏ß‡∏Å‡∏Ç‡∏≠‡∏á‡∏Å‡∏£‡∏£‡∏°‡∏Å‡∏≤‡∏£‡∏ó‡∏∏‡∏Å‡∏Ñ‡∏ô‡∏ß‡πà‡∏≤‡∏™‡∏∞‡∏î‡∏ß‡∏Å‡πÄ‡∏õ‡πá‡∏ô‡∏ß‡∏±‡∏ô‡∏ò‡∏£‡∏£‡∏°‡∏î‡∏≤‡∏´‡∏£‡∏∑‡∏≠‡∏ß‡∏±‡∏ô‡πÄ‡∏™‡∏≤‡∏£‡πå‡∏≠‡∏≤‡∏ó‡∏¥‡∏ï‡∏¢‡πå",1
95,‡∏≠‡∏≤‡∏à‡πÄ‡∏ä‡∏∑‡πà‡∏≠‡∏° ‡∏ä‡∏≤‡∏•‡∏µ‡∏î‡πâ‡∏ß‡∏¢ ‡πÄ‡∏û‡∏£‡∏≤‡∏∞ true lab ‡∏û‡∏∂‡πà‡∏á‡πÑ‡∏õ‡πÄ‡∏õ‡∏¥‡∏î‡∏ï‡∏±‡∏ß‡∏ó‡∏µ‡πà ABAC,0
96,‡∏ô‡πà‡∏≤‡∏à‡∏∞‡∏Ñ‡∏∏‡∏¢‡∏ó‡∏≤‡∏á partner ‡∏£‡∏∞‡∏¢‡∏∞‡∏¢‡∏≤‡∏ß‡πÑ‡∏ß‡πâ‡∏î‡πâ‡∏ß‡∏¢‡∏ô‡∏∞,0
97,‡∏à‡∏∞‡∏ß‡πà‡∏≤‡πÑ‡∏õ‡∏û‡∏ß‡∏Å‡πÄ‡∏£‡∏≤‡∏™‡πà‡∏á‡∏•‡∏¥‡πâ‡∏á‡∏ê‡∏≤‡∏ô‡∏Ç‡πâ‡∏≠‡∏°‡∏π‡∏•‡πÉ‡∏´‡πâ‡πÉ‡∏ô‡πÇ‡∏ô‡πâ‡∏ï‡∏õ‡∏£‡∏¥‡∏°‡∏Å‡∏±‡∏ô‡∏¢‡∏±‡∏á‡∏ô‡∏∞,0
98,‡∏°‡∏±‡∏ô‡∏à‡∏±‡∏î‡∏ß‡∏±‡∏ô‡∏ò‡∏£‡∏£‡∏°‡∏î‡∏≤‡∏î‡πâ‡∏ß‡∏¢‡πÅ‡∏´‡∏•‡πà‡∏∞ ‡∏Ñ‡∏ô‡πÑ‡∏°‡πà‡∏Ñ‡πà‡∏≠‡∏¢‡∏ß‡πà‡∏≤‡∏á‡∏Å‡∏±‡∏ô‡∏´‡∏£‡∏≠‡∏Å,0
99,‡πÇ‡∏≠‡πÄ‡∏ä ‡∏á‡∏±‡πâ‡∏ô‡πÄ‡∏î‡∏µ‡πã‡∏¢‡∏ß‡∏à‡∏±‡∏î‡∏Å‡∏≤‡∏£‡πÉ‡∏´‡πâ‡∏ô‡πâ‡∏≠‡∏á‡∏ó‡∏µ‡πà‡∏Å‡∏≥‡∏•‡∏±‡∏á‡∏à‡∏∞‡∏ó‡∏≥‡πÇ‡∏õ‡∏£‡πÄ‡∏à‡∏Ñ‡∏Å‡∏±‡∏ö‡πÄ‡∏£‡∏≤‡∏ï‡πà‡∏≠,0
100,‡∏ö‡∏±‡∏ï‡∏£ Techsauce ‡∏ï‡πâ‡∏≠‡∏á‡∏™‡πà‡∏á‡∏ä‡∏∑‡πà‡∏≠‡∏ß‡∏±‡∏ô‡∏ô‡∏µ‡πâ‡πÅ‡∏•‡πâ‡∏ß‡πÉ‡∏Ñ‡∏£‡∏à‡∏∞‡πÑ‡∏õ‡∏°‡∏±‡πâ‡∏¢,0